PIPELINE ROLLING PROFITABILITY REPORT,,,,,,,,,,,,,,,,,,,,,,,,,,,,,,,,,,,
Period:,May-26 to Dec-27 (20 months),,Currency:,SAR,,Last Updated:,05-May-2026,,Source:,"Hala YTD WH Pipeline (Hano Oberholzer, 05-May-2026)",,,,,,,,,,,,,,,,,,,,,,,,,
,,,,,,,,,,,,,,,,,,,,,,,,,,,,,,,,,,,
1. PIPELINE OPPORTUNITIES (Revenue),,,,,,,,,,,,,,,,,,,,,,,,,,,,,,,,,,,
#,Customer / Opportunity,Opportunity Owner,Stage,Probability,Warehouse Location,Ops Go-Live Date,Annual Contract Value,Expected Revenue (Current Yr),Volume - Pallets,Volume - SQM,May-26,Jun-26,Jul-26,Aug-26,Sep-26,Oct-26,Nov-26,Dec-26,2026 Total,Jan-27,Feb-27,Mar-27,Apr-27,May-27,Jun-27,Jul-27,Aug-27,Sep-27,Oct-27,Nov-27,Dec-27,2027 Total,Grand Total,Weighted Total,Notes
1,SLB,Yazan Darwish,Prospecting,20.0%,Dammam 2nd Ind -Tad WH,01-Jul-26," 2,400,000 "," 1,200,000 ","4,000",-, - , - ," 200,000 "," 200,000 "," 200,000 "," 200,000 "," 200,000 "," 200,000 "," 1,200,000 "," 200,000 "," 200,000 "," 200,000 "," 200,000 "," 200,000 "," 200,000 "," 200,000 "," 200,000 "," 200,000 "," 200,000 "," 200,000 "," 200,000 "," 2,400,000 "," 3,600,000 "," 720,000 ",Opp: ChampionX/DMM/WH/4000PP | Region: East
2,NALCO Ecolab,Yazan Darwish,Contract Negotiation,90.0%,Dammam 2nd Ind -Tad WH,01-Jun-26," 2,400,000 "," 1,400,000 ","4,000",-, - ," 200,000 "," 200,000 "," 200,000 "," 200,000 "," 200,000 "," 200,000 "," 200,000 "," 1,400,000 "," 200,000 "," 200,000 "," 200,000 "," 200,000 "," 200,000 "," 200,000 "," 200,000 "," 200,000 "," 200,000 "," 200,000 "," 200,000 "," 200,000 "," 2,400,000 "," 3,800,000 "," 3,420,000 ",Opp: NALCO/WH/DMM/4000PP | Region: East
3,Synthomer ME,Yazan Darwish,Contract Negotiation,90.0%,Dammam 2nd Ind -Tad WH,15-May-26," 900,000 "," 600,000 ","1,500",-," 75,000 "," 75,000 "," 75,000 "," 75,000 "," 75,000 "," 75,000 "," 75,000 "," 75,000 "," 600,000 "," 75,000 "," 75,000 "," 75,000 "," 75,000 "," 75,000 "," 75,000 "," 75,000 "," 75,000 "," 75,000 "," 75,000 "," 75,000 "," 75,000 "," 900,000 "," 1,500,000 "," 1,350,000 ",Opp: Synthomer/WH/DMM/1500PP | Region: East
4,Transworld Saudi Logistics,Yazan Darwish,Proposal Sent,60.0%,Dammam 2nd Ind -Tad WH,01-May-26," 420,000 "," 280,000 ",500,-," 35,000 "," 35,000 "," 35,000 "," 35,000 "," 35,000 "," 35,000 "," 35,000 "," 35,000 "," 280,000 "," 35,000 "," 35,000 "," 35,000 "," 35,000 "," 35,000 "," 35,000 "," 35,000 "," 35,000 "," 35,000 "," 35,000 "," 35,000 "," 35,000 "," 420,000 "," 700,000 "," 420,000 ",Opp: Transworld/DMM/WH/500PP | Region: East
5,Schmidt,Yazan Darwish,Proposal Sent,60.0%,Dammam 2nd Ind -Tad WH,01-May-26," 264,000 "," 176,000 ",400,-," 22,000 "," 22,000 "," 22,000 "," 22,000 "," 22,000 "," 22,000 "," 22,000 "," 22,000 "," 176,000 "," 22,000 "," 22,000 "," 22,000 "," 22,000 "," 22,000 "," 22,000 "," 22,000 "," 22,000 "," 22,000 "," 22,000 "," 22,000 "," 22,000 "," 264,000 "," 440,000 "," 264,000 ",Opp: Schmidt/WH/DMM2/400PP | Region: East
6,Zaghami,Yazan Darwish,Proposal Sent,60.0%,Dammam 2nd Ind -Tad WH,01-Aug-26," 210,000 "," 87,500 ",250,-, - , - , - ," 17,500 "," 17,500 "," 17,500 "," 17,500 "," 17,500 "," 87,500 "," 17,500 "," 17,500 "," 17,500 "," 17,500 "," 17,500 "," 17,500 "," 17,500 "," 17,500 "," 17,500 "," 17,500 "," 17,500 "," 17,500 "," 210,000 "," 297,500 "," 178,500 ",Opp: Zaghami/WH/DMM/250PP | Region: East
7,Transworld Saudi Logistics,Yazan Darwish,Proposal Sent,60.0%,Dammam 2nd Ind -Tad WH,01-Jun-26," 162,500 "," 94,792 ",250,-, - ," 13,542 "," 13,542 "," 13,542 "," 13,542 "," 13,542 "," 13,542 "," 13,542 "," 94,792 "," 13,542 "," 13,542 "," 13,542 "," 13,542 "," 13,542 "," 13,542 "," 13,542 "," 13,542 "," 13,542 "," 13,542 "," 13,542 "," 13,542 "," 162,500 "," 257,292 "," 154,375 ","? Source Exp CY (113,750) ? ACV/12 implied (94,792) | Opp: Transworld/DMM/WH/250PP | Region: East"
8,i-Energy,Yazan Darwish,Proposal Sent,60.0%,Dammam 2nd Ind -Tad WH,01-May-26," 150,000 "," 100,000 ",250,-," 12,500 "," 12,500 "," 12,500 "," 12,500 "," 12,500 "," 12,500 "," 12,500 "," 12,500 "," 100,000 "," 12,500 "," 12,500 "," 12,500 "," 12,500 "," 12,500 "," 12,500 "," 12,500 "," 12,500 "," 12,500 "," 12,500 "," 12,500 "," 12,500 "," 150,000 "," 250,000 "," 150,000 ",Opp: iEnergy/WH/DMM2/250PP | Region: East
9,FMS Group,Yazan Darwish,Proposal Sent,60.0%,Dammam 2nd Ind -Tad WH,01-Jun-26," 50,000 "," 29,167 ",100,-, - ," 4,167 "," 4,167 "," 4,167 "," 4,167 "," 4,167 "," 4,167 "," 4,167 "," 29,167 "," 4,167 "," 4,167 "," 4,167 "," 4,167 "," 4,167 "," 4,167 "," 4,167 "," 4,167 "," 4,167 "," 4,167 "," 4,167 "," 4,167 "," 50,000 "," 79,167 "," 47,500 ","? Source Exp CY (35,000) ? ACV/12 implied (29,167) | Opp: FMS/DMM/WH/100PP | Region: East"
10,El Ajou Group,Yazan Darwish,Proposal Sent,60.0%,Dammam 2nd Ind -Tad WH,01-Jul-26," 78,000 "," 39,000 ",100,-, - , - ," 6,500 "," 6,500 "," 6,500 "," 6,500 "," 6,500 "," 6,500 "," 39,000 "," 6,500 "," 6,500 "," 6,500 "," 6,500 "," 6,500 "," 6,500 "," 6,500 "," 6,500 "," 6,500 "," 6,500 "," 6,500 "," 6,500 "," 78,000 "," 117,000 "," 70,200 ",Opp: El Ajou Group/WH/DAMM2nd/100PP | Region: East
11,JAS,Yazan Darwish,Shortlisted,75.0%,Jubail 1,01-Jun-26," 924,000 "," 539,000 ","1,400",-, - ," 77,000 "," 77,000 "," 77,000 "," 77,000 "," 77,000 "," 77,000 "," 77,000 "," 539,000 "," 77,000 "," 77,000 "," 77,000 "," 77,000 "," 77,000 "," 77,000 "," 77,000 "," 77,000 "," 77,000 "," 77,000 "," 77,000 "," 77,000 "," 924,000 "," 1,463,000 "," 1,097,250 ",Opp: JAS/WH/JUB/1400PP | Region: East
12,LX Pantos Logistics,Yazan Darwish,Shortlisted,75.0%,Jubail 1,01-May-26," 726,000 "," 484,000 ","1,000",-," 60,500 "," 60,500 "," 60,500 "," 60,500 "," 60,500 "," 60,500 "," 60,500 "," 60,500 "," 484,000 "," 60,500 "," 60,500 "," 60,500 "," 60,500 "," 60,500 "," 60,500 "," 60,500 "," 60,500 "," 60,500 "," 60,500 "," 60,500 "," 60,500 "," 726,000 "," 1,210,000 "," 907,500 ",Opp: LXPantos/WH/JUB1/1000PP | Region: East
13,S-Chem,Yazan Darwish,Shortlisted,75.0%,Jubail 1,15-Jun-26," 138,600 "," 80,850 ",730,-, - ," 11,550 "," 11,550 "," 11,550 "," 11,550 "," 11,550 "," 11,550 "," 11,550 "," 80,850 "," 11,550 "," 11,550 "," 11,550 "," 11,550 "," 11,550 "," 11,550 "," 11,550 "," 11,550 "," 11,550 "," 11,550 "," 11,550 "," 11,550 "," 138,600 "," 219,450 "," 164,588 ","? Source Exp CY (323,400) ? ACV/12 implied (80,850) | Opp: S-Chem/WH/JUB1/730PP | Region: East"
14,Saudi Pelican Logistics Solutions,Yazan Darwish,Proposal Sent,60.0%,Jubail 1,01-Jun-26," 297,000 "," 173,250 ",500,-, - ," 24,750 "," 24,750 "," 24,750 "," 24,750 "," 24,750 "," 24,750 "," 24,750 "," 173,250 "," 24,750 "," 24,750 "," 24,750 "," 24,750 "," 24,750 "," 24,750 "," 24,750 "," 24,750 "," 24,750 "," 24,750 "," 24,750 "," 24,750 "," 297,000 "," 470,250 "," 282,150 ","? Source Exp CY (154,000) ? ACV/12 implied (173,250) | Opp: Saudi Pelican Logistics Solutions/WH/JUB/500PP | Region: East"
15,Ravago Saudi Arabia,Yazan Darwish,Proposal Sent,60.0%,Jubail 2,01-Sep-26," 550,000 "," 183,333 ","1,200",-, - , - , - , - ," 45,833 "," 45,833 "," 45,833 "," 45,833 "," 183,333 "," 45,833 "," 45,833 "," 45,833 "," 45,833 "," 45,833 "," 45,833 "," 45,833 "," 45,833 "," 45,833 "," 45,833 "," 45,833 "," 45,833 "," 550,000 "," 733,333 "," 440,000 ",Opp: Ravago/WH/JUB/1200PP | Region: East
16,Tahakom,Yazan Darwish,Shortlisted,75.0%,Jubail 2,01-Jul-26," 850,000 "," 425,000 ",-,"15,000", - , - ," 70,833 "," 70,833 "," 70,833 "," 70,833 "," 70,833 "," 70,833 "," 425,000 "," 70,833 "," 70,833 "," 70,833 "," 70,833 "," 70,833 "," 70,833 "," 70,833 "," 70,833 "," 70,833 "," 70,833 "," 70,833 "," 70,833 "," 850,000 "," 1,275,000 "," 956,250 ","Opp: Tahakom/WH/JUB/15,000SQM Yard | Region: West"
17,Oriend Provisions,Simon Reah,Proposal Sent,60.0%,Jeddah Modon 3A,01-Aug-26," 1,620,000 "," 675,000 ","3,000",-, - , - , - ," 135,000 "," 135,000 "," 135,000 "," 135,000 "," 135,000 "," 675,000 "," 135,000 "," 135,000 "," 135,000 "," 135,000 "," 135,000 "," 135,000 "," 135,000 "," 135,000 "," 135,000 "," 135,000 "," 135,000 "," 135,000 "," 1,620,000 "," 2,295,000 "," 1,377,000 ",Opp: Orient Provisions/WH/JED3A/3000PP | Region: West
18,Al Nahdi,Simon Reah,Contract Negotiation,90.0%,Jeddah Modon 3A,01-May-26," 1,080,000 "," 720,000 ","3,000",-," 90,000 "," 90,000 "," 90,000 "," 90,000 "," 90,000 "," 90,000 "," 90,000 "," 90,000 "," 720,000 "," 90,000 "," 90,000 "," 90,000 "," 90,000 "," 90,000 "," 90,000 "," 90,000 "," 90,000 "," 90,000 "," 90,000 "," 90,000 "," 90,000 "," 1,080,000 "," 1,800,000 "," 1,620,000 ","? Source Exp CY (1,080,000) ? ACV/12 implied (720,000) | Opp: AL Nahdi/WH/JED3A/3000PP | Region: West"
19,JamJoom,Simon Reah,Shortlisted,75.0%,Jeddah Modon 3A,01-Jun-26," 891,000 "," 519,750 ","1,500",-, - ," 74,250 "," 74,250 "," 74,250 "," 74,250 "," 74,250 "," 74,250 "," 74,250 "," 519,750 "," 74,250 "," 74,250 "," 74,250 "," 74,250 "," 74,250 "," 74,250 "," 74,250 "," 74,250 "," 74,250 "," 74,250 "," 74,250 "," 74,250 "," 891,000 "," 1,410,750 "," 1,058,063 ",Opp: JamJoom/WH/JED3A/2000PP | Region: West
20,Med City Pharma,Amin AlHalabi,Proposal Sent,60.0%,Jeddah Modon 3A,01-Jun-26," 595,200 "," 347,200 ",800,-, - ," 49,600 "," 49,600 "," 49,600 "," 49,600 "," 49,600 "," 49,600 "," 49,600 "," 347,200 "," 49,600 "," 49,600 "," 49,600 "," 49,600 "," 49,600 "," 49,600 "," 49,600 "," 49,600 "," 49,600 "," 49,600 "," 49,600 "," 49,600 "," 595,200 "," 942,400 "," 565,440 ",Opp: MED CITY PHARMA/WH/JED/800 PP | Region: West
21,Diwan Al Qahwa Trading Company,Yazan Darwish,Proposal Sent,60.0%,Jeddah Modon 3A,01-Jul-26," 396,000 "," 198,000 ",500,-, - , - ," 33,000 "," 33,000 "," 33,000 "," 33,000 "," 33,000 "," 33,000 "," 198,000 "," 33,000 "," 33,000 "," 33,000 "," 33,000 "," 33,000 "," 33,000 "," 33,000 "," 33,000 "," 33,000 "," 33,000 "," 33,000 "," 33,000 "," 396,000 "," 594,000 "," 356,400 ",Opp: Diwan/WH/JED3A/500PP | Region: West
22,Tejoury,Hano Oberholzer,Proposal Sent,60.0%,Jeddah Modon 3A,01-Jul-26," 4,400,000 "," 2,200,000 ",-,"4,495", - , - ," 366,667 "," 366,667 "," 366,667 "," 366,667 "," 366,667 "," 366,667 "," 2,200,000 "," 366,667 "," 366,667 "," 366,667 "," 366,667 "," 366,667 "," 366,667 "," 366,667 "," 366,667 "," 366,667 "," 366,667 "," 366,667 "," 366,667 "," 4,400,000 "," 6,600,000 "," 3,960,000 ","? Source Exp CY (660,000) ? ACV/12 implied (2,200,000) | Opp: Tejoury/WH/JED3A/4495 SQM | Region: West"
23,United Carton,Simon Reah,Proposal Sent,60.0%,Jeddah Modon 3B,01-Jul-26," 504,000 "," 252,000 ","1,400",-, - , - ," 42,000 "," 42,000 "," 42,000 "," 42,000 "," 42,000 "," 42,000 "," 252,000 "," 42,000 "," 42,000 "," 42,000 "," 42,000 "," 42,000 "," 42,000 "," 42,000 "," 42,000 "," 42,000 "," 42,000 "," 42,000 "," 42,000 "," 504,000 "," 756,000 "," 453,600 ",Opp: United Carton/WH/JED3B/1400PP | Region: West
24,El Ajou Group,Yazan Darwish,Proposal Sent,60.0%,Jeddah Modon 3B,01-Jul-26," 507,000 "," 253,500 ",900,-, - , - ," 42,250 "," 42,250 "," 42,250 "," 42,250 "," 42,250 "," 42,250 "," 253,500 "," 42,250 "," 42,250 "," 42,250 "," 42,250 "," 42,250 "," 42,250 "," 42,250 "," 42,250 "," 42,250 "," 42,250 "," 42,250 "," 42,250 "," 507,000 "," 760,500 "," 456,300 ",Opp: El Ajou Group/WH/JED3B/900PP | Region: West
25,Astra Polymers,Yazan Darwish,Proposal Sent,60.0%,Jeddah Modon 3B,01-Jul-26," 127,000 "," 63,500 ",250,-, - , - ," 10,583 "," 10,583 "," 10,583 "," 10,583 "," 10,583 "," 10,583 "," 63,500 "," 10,583 "," 10,583 "," 10,583 "," 10,583 "," 10,583 "," 10,583 "," 10,583 "," 10,583 "," 10,583 "," 10,583 "," 10,583 "," 10,583 "," 127,000 "," 190,500 "," 114,300 ",Opp: Astra/WH/JED/250PP | Region: West
26,Shuran Plastic,Simon Reah,Proposal Sent,60.0%,Jeddah Modon 3B,01-Jun-26," 846,000 "," 493,500 ",-,"1,500", - ," 70,500 "," 70,500 "," 70,500 "," 70,500 "," 70,500 "," 70,500 "," 70,500 "," 493,500 "," 70,500 "," 70,500 "," 70,500 "," 70,500 "," 70,500 "," 70,500 "," 70,500 "," 70,500 "," 70,500 "," 70,500 "," 70,500 "," 70,500 "," 846,000 "," 1,339,500 "," 803,700 ",Opp: Shuran Plastic/WH/JED3B/1500SQM | Region: West
27,Solenis,Amin AlHalabi,Proposal Sent,60.0%,RUH Tayba,01-Sep-26," 1,740,000 "," 580,000 ","3,000",-, - , - , - , - ," 145,000 "," 145,000 "," 145,000 "," 145,000 "," 580,000 "," 145,000 "," 145,000 "," 145,000 "," 145,000 "," 145,000 "," 145,000 "," 145,000 "," 145,000 "," 145,000 "," 145,000 "," 145,000 "," 145,000 "," 1,740,000 "," 2,320,000 "," 1,392,000 ",Opp: Solenis/WH/RUH/3000PP | Region: Central
28,Kuehne & Nagel,Simon Reah,Proposal Sent,60.0%,RUH Tayba,01-Nov-26," 6,102,000 "," 1,017,000 ","2,500",-, - , - , - , - , - , - ," 508,500 "," 508,500 "," 1,017,000 "," 508,500 "," 508,500 "," 508,500 "," 508,500 "," 508,500 "," 508,500 "," 508,500 "," 508,500 "," 508,500 "," 508,500 "," 508,500 "," 508,500 "," 6,102,000 "," 7,119,000 "," 4,271,400 ","? Source Exp CY (339,000) ? ACV/12 implied (1,017,000) | Opp: KN-Hample/WH/RUH/2,500PP | Region: Central"
29,United Carton,Simon Reah,Proposal Sent,60.0%,RUH Tayba,01-Jul-26," 504,000 "," 252,000 ","1,200",-, - , - ," 42,000 "," 42,000 "," 42,000 "," 42,000 "," 42,000 "," 42,000 "," 252,000 "," 42,000 "," 42,000 "," 42,000 "," 42,000 "," 42,000 "," 42,000 "," 42,000 "," 42,000 "," 42,000 "," 42,000 "," 42,000 "," 42,000 "," 504,000 "," 756,000 "," 453,600 ",Opp: United Carton/WH/RUH/1200PP | Region: Central
30,Kuehne & Nagel,Simon Reah,Proposal Sent,60.0%,RUH Tayba,01-Jul-26," 2,025,000 "," 1,012,500 ",-,"5,000", - , - ," 168,750 "," 168,750 "," 168,750 "," 168,750 "," 168,750 "," 168,750 "," 1,012,500 "," 168,750 "," 168,750 "," 168,750 "," 168,750 "," 168,750 "," 168,750 "," 168,750 "," 168,750 "," 168,750 "," 168,750 "," 168,750 "," 168,750 "," 2,025,000 "," 3,037,500 "," 1,822,500 ",Opp: KN/WH/RUH/ 5000SQM | Region: Central
31,Kuehne & Nagel,Simon Reah,Proposal Sent,60.0%,RUH Tayba,15-May-26," 98,046 "," 65,364 ",-,150," 8,171 "," 8,171 "," 8,171 "," 8,171 "," 8,171 "," 8,171 "," 8,171 "," 8,171 "," 65,364 "," 8,171 "," 8,171 "," 8,171 "," 8,171 "," 8,171 "," 8,171 "," 8,171 "," 8,171 "," 8,171 "," 8,171 "," 8,171 "," 8,171 "," 98,046 "," 163,410 "," 98,046 ",Opp: KN/WH/RUH/150SQM | Region: Central
32,Baxter,Yazan Darwish,Proposal Sent,60.0%,Subcontractor,01-Jun-26," 1,000,000 "," 583,333 ","2,500",-, - ," 83,333 "," 83,333 "," 83,333 "," 83,333 "," 83,333 "," 83,333 "," 83,333 "," 583,333 "," 83,333 "," 83,333 "," 83,333 "," 83,333 "," 83,333 "," 83,333 "," 83,333 "," 83,333 "," 83,333 "," 83,333 "," 83,333 "," 83,333 "," 1,000,000 "," 1,583,333 "," 950,000 ","? Source Exp CY (1,155,000) ? ACV/12 implied (583,333) | Opp: Baxter/WH/RUH/2500PP | Region: Central"
33,Al Nahdi,Simon Reah,Proposal Sent,60.0%,Subcontractor,01-May-26," 800,000 "," 533,333 ","2,000",-," 66,667 "," 66,667 "," 66,667 "," 66,667 "," 66,667 "," 66,667 "," 66,667 "," 66,667 "," 533,333 "," 66,667 "," 66,667 "," 66,667 "," 66,667 "," 66,667 "," 66,667 "," 66,667 "," 66,667 "," 66,667 "," 66,667 "," 66,667 "," 66,667 "," 800,000 "," 1,333,333 "," 800,000 ","? Source Exp CY (800,000) ? ACV/12 implied (533,333) | Opp: AL Nahdi/WH/RUH/2000PP | Region: Central"
34,HMH,Yazan Darwish,Qualified,40.0%,Contract Logistics,01-Jun-26," 850,000 "," 495,833 ",-,-, - ," 70,833 "," 70,833 "," 70,833 "," 70,833 "," 70,833 "," 70,833 "," 70,833 "," 495,833 "," 70,833 "," 70,833 "," 70,833 "," 70,833 "," 70,833 "," 70,833 "," 70,833 "," 70,833 "," 70,833 "," 70,833 "," 70,833 "," 70,833 "," 850,000 "," 1,345,833 "," 538,333 ","? Source Exp CY (661,111) ? ACV/12 implied (495,833) | Opp: HMH/CL/DMM/Expansion | Region: East"
35,Saudi National Bank,Hano Oberholzer,Proposal Sent,60.0%,Contract Logistics,15-May-26," 1,975,386 "," 1,316,924 ",-,-," 164,616 "," 164,616 "," 164,616 "," 164,616 "," 164,616 "," 164,616 "," 164,616 "," 164,616 "," 1,316,924 "," 164,616 "," 164,616 "," 164,616 "," 164,616 "," 164,616 "," 164,616 "," 164,616 "," 164,616 "," 164,616 "," 164,616 "," 164,616 "," 164,616 "," 1,975,386 "," 3,292,310 "," 1,975,386 ","? Source Exp CY (2,257,584) ? ACV/12 implied (1,316,924) | Opp: SNB / Asset Verification | Region: West"
36,SAUDI CARBONATE COMPANY,Yazan  Darwish,Closed Won,100.0%,Dammam Port,01-May-26, - , - ,300,-, - , - , - , - , - , - , - , - , - , - , - , - , - , - , - , - , - , - , - , - , - , - , - , - ,Closed Won Ś auto-pulled from Closed-won data Input row 3
37,MEBCo (Clarios),Yazan  Darwish,Closed Won,100.0%,Dammam 2nd Ind -Tad WH,01-Mar-26," 648,000 "," 432,000 ",900,-," 54,000 "," 54,000 "," 54,000 "," 54,000 "," 54,000 "," 54,000 "," 54,000 "," 54,000 "," 432,000 "," 54,000 "," 54,000 "," 54,000 "," 54,000 "," 54,000 "," 54,000 "," 54,000 "," 54,000 "," 54,000 "," 54,000 "," 54,000 "," 54,000 "," 648,000 "," 1,080,000 "," 1,080,000 ",Closed Won Ś auto-pulled from Closed-won data Input row 4
38,Rawabi Electric,Yazan  Darwish,Closed Won,100.0%,Dammam 2nd Ind -Tad WH,27-Jan-26," 105,600 "," 70,400 ",440,-," 8,800 "," 8,800 "," 8,800 "," 8,800 "," 8,800 "," 8,800 "," 8,800 "," 8,800 "," 70,400 "," 8,800 "," 8,800 "," 8,800 "," 8,800 "," 8,800 "," 8,800 "," 8,800 "," 8,800 "," 8,800 "," 8,800 "," 8,800 "," 8,800 "," 105,600 "," 176,000 "," 176,000 ",Closed Won Ś auto-pulled from Closed-won data Input row 5
39,Dorfketal,Yazan  Darwish,Closed Won,100.0%,Dammam 2nd Ind -Tad WH,01-May-26," 78,000 "," 52,000 ",200,-," 6,500 "," 6,500 "," 6,500 "," 6,500 "," 6,500 "," 6,500 "," 6,500 "," 6,500 "," 52,000 "," 6,500 "," 6,500 "," 6,500 "," 6,500 "," 6,500 "," 6,500 "," 6,500 "," 6,500 "," 6,500 "," 6,500 "," 6,500 "," 6,500 "," 78,000 "," 130,000 "," 130,000 ",Closed Won Ś auto-pulled from Closed-won data Input row 6
40,Rising Future,Yazan  Darwish,Closed Won,100.0%,Dammam 2nd Ind -Tad WH,01-Mar-26," 30,000 "," 20,000 ",50,-," 2,500 "," 2,500 "," 2,500 "," 2,500 "," 2,500 "," 2,500 "," 2,500 "," 2,500 "," 20,000 "," 2,500 "," 2,500 "," 2,500 "," 2,500 "," 2,500 "," 2,500 "," 2,500 "," 2,500 "," 2,500 "," 2,500 "," 2,500 "," 2,500 "," 30,000 "," 50,000 "," 50,000 ",Closed Won Ś auto-pulled from Closed-won data Input row 7
41,Maaden,Yazan  Darwish,Closed Won,100.0%,Jubail 1,01-Feb-26," 960,000 "," 640,000 ","1,200",-," 80,000 "," 80,000 "," 80,000 "," 80,000 "," 80,000 "," 80,000 "," 80,000 "," 80,000 "," 640,000 "," 80,000 "," 80,000 "," 80,000 "," 80,000 "," 80,000 "," 80,000 "," 80,000 "," 80,000 "," 80,000 "," 80,000 "," 80,000 "," 80,000 "," 960,000 "," 1,600,000 "," 1,600,000 ",Closed Won Ś auto-pulled from Closed-won data Input row 8
42,Al Nahdi,Simon Reah,Closed Won,100.0%,Jeddah Modon 3B,01-Apr-26," 756,000 "," 504,000 ","4,000",-," 63,000 "," 63,000 "," 63,000 "," 63,000 "," 63,000 "," 63,000 "," 63,000 "," 63,000 "," 504,000 "," 63,000 "," 63,000 "," 63,000 "," 63,000 "," 63,000 "," 63,000 "," 63,000 "," 63,000 "," 63,000 "," 63,000 "," 63,000 "," 63,000 "," 756,000 "," 1,260,000 "," 1,260,000 ",Closed Won Ś auto-pulled from Closed-won data Input row 9
43,Sharbatly Fruit Company,Simon Reah,Closed Won,100.0%,Jeddah Modon 3B,15-Apr-26," 684,000 "," 456,000 ","1,500",-," 57,000 "," 57,000 "," 57,000 "," 57,000 "," 57,000 "," 57,000 "," 57,000 "," 57,000 "," 456,000 "," 57,000 "," 57,000 "," 57,000 "," 57,000 "," 57,000 "," 57,000 "," 57,000 "," 57,000 "," 57,000 "," 57,000 "," 57,000 "," 57,000 "," 684,000 "," 1,140,000 "," 1,140,000 ",Closed Won Ś auto-pulled from Closed-won data Input row 10
44,PSA-BDP,Amin AlHalabi,Closed Won,100.0%,Subcontractor,14-Feb-26," 1,800,000 "," 1,200,000 ","2,500",-," 150,000 "," 150,000 "," 150,000 "," 150,000 "," 150,000 "," 150,000 "," 150,000 "," 150,000 "," 1,200,000 "," 150,000 "," 150,000 "," 150,000 "," 150,000 "," 150,000 "," 150,000 "," 150,000 "," 150,000 "," 150,000 "," 150,000 "," 150,000 "," 150,000 "," 1,800,000 "," 3,000,000 "," 3,000,000 ",Closed Won Ś auto-pulled from Closed-won data Input row 11
45,Tasnee,Yazan  Darwish,Closed Won,100.0%,Contract Logistics,01-May-26," 725,000 "," 483,333 ",-,-," 60,417 "," 60,417 "," 60,417 "," 60,417 "," 60,417 "," 60,417 "," 60,417 "," 60,417 "," 483,333 "," 60,417 "," 60,417 "," 60,417 "," 60,417 "," 60,417 "," 60,417 "," 60,417 "," 60,417 "," 60,417 "," 60,417 "," 60,417 "," 60,417 "," 725,000 "," 1,208,333 "," 1,208,333 ",Closed Won Ś auto-pulled from Closed-won data Input row 12
46,,,,-,,, - , - ,-,-, - , - , - , - , - , - , - , - , - , - , - , - , - , - , - , - , - , - , - , - , - , - , - , - ,
47,,,,-,,, - , - ,-,-, - , - , - , - , - , - , - , - , - , - , - , - , - , - , - , - , - , - , - , - , - , - , - , - ,
48,,,,-,,, - , - ,-,-, - , - , - , - , - , - , - , - , - , - , - , - , - , - , - , - , - , - , - , - , - , - , - , - ,
49,,,,-,,, - , - ,-,-, - , - , - , - , - , - , - , - , - , - , - , - , - , - , - , - , - , - , - , - , - , - , - , - ,
50,,,,-,,, - , - ,-,-, - , - , - , - , - , - , - , - , - , - , - , - , - , - , - , - , - , - , - , - , - , - , - , - ,
51,,,,-,,, - , - ,-,-, - , - , - , - , - , - , - , - , - , - , - , - , - , - , - , - , - , - , - , - , - , - , - , - ,
52,,,,-,,, - , - ,-,-, - , - , - , - , - , - , - , - , - , - , - , - , - , - , - , - , - , - , - , - , - , - , - , - ,
53,,,,-,,, - , - ,-,-, - , - , - , - , - , - , - , - , - , - , - , - , - , - , - , - , - , - , - , - , - , - , - , - ,
54,,,,-,,, - , - ,-,-, - , - , - , - , - , - , - , - , - , - , - , - , - , - , - , - , - , - , - , - , - , - , - , - ,
55,,,,-,,, - , - ,-,-, - , - , - , - , - , - , - , - , - , - , - , - , - , - , - , - , - , - , - , - , - , - , - , - ,
56,,,,-,,, - , - ,-,-, - , - , - , - , - , - , - , - , - , - , - , - , - , - , - , - , - , - , - , - , - , - , - , - ,
57,,,,-,,, - , - ,-,-, - , - , - , - , - , - , - , - , - , - , - , - , - , - , - , - , - , - , - , - , - , - , - , - ,
58,,,,-,,, - , - ,-,-, - , - , - , - , - , - , - , - , - , - , - , - , - , - , - , - , - , - , - , - , - , - , - , - ,
59,,,,-,,, - , - ,-,-, - , - , - , - , - , - , - , - , - , - , - , - , - , - , - , - , - , - , - , - , - , - , - , - ,
60,,,,-,,, - , - ,-,-, - , - , - , - , - , - , - , - , - , - , - , - , - , - , - , - , - , - , - , - , - , - , - , - ,
,TOTAL PIPELINE (Unweighted),,,,,," 42,367,332 "," 21,328,363 ","49,820","26,145"," 1,016,669 "," 1,696,194 "," 2,678,778 "," 2,831,278 "," 3,022,111 "," 3,022,111 "," 3,530,611 "," 3,530,611 "," 21,328,363 "," 3,530,611 "," 3,530,611 "," 3,530,611 "," 3,530,611 "," 3,530,611 "," 3,530,611 "," 3,530,611 "," 3,530,611 "," 3,530,611 "," 3,530,611 "," 3,530,611 "," 3,530,611 "," 42,367,332 "," 63,695,695 ",,
,TOTAL PIPELINE (Probability-Weighted),,,,,," 28,448,479 "," 14,884,234 ","49,820","26,145"," 861,463 "," 1,339,432 "," 1,859,607 "," 1,951,107 "," 2,065,607 "," 2,065,607 "," 2,370,707 "," 2,370,707 "," 14,884,234 "," 2,370,707 "," 2,370,707 "," 2,370,707 "," 2,370,707 "," 2,370,707 "," 2,370,707 "," 2,370,707 "," 2,370,707 "," 2,370,707 "," 2,370,707 "," 2,370,707 "," 2,370,707 "," 28,448,479 "," 43,332,714 ",,
,,,,,,,,,,,,,,,,,,,,,,,,,,,,,,,,,,,
2. COST PROJECTIONS (Cost % per deal ū Revenue ACV; monthly cells follow Go-Live),,,,,,,,,,,,,,,,,,,,,,,,,,,,,,,,,,,
#,Customer / Cost Item,Opportunity Owner,Stage,Probability,Warehouse Location,Ops Go-Live Date,Cost %,Annual Cost (Projected),Volume - Pallets,Volume - SQM,May-26,Jun-26,Jul-26,Aug-26,Sep-26,Oct-26,Nov-26,Dec-26,2026 Total,Jan-27,Feb-27,Mar-27,Apr-27,May-27,Jun-27,Jul-27,Aug-27,Sep-27,Oct-27,Nov-27,Dec-27,2027 Total,Grand Total,Weighted Total,Notes
1,SLB,Yazan Darwish,Prospecting,20.0%,Dammam 2nd Ind -Tad WH,01-Jul-26,75.0%," 1,800,000 ","4,000",-, - , - ," 150,000 "," 150,000 "," 150,000 "," 150,000 "," 150,000 "," 150,000 "," 900,000 "," 150,000 "," 150,000 "," 150,000 "," 150,000 "," 150,000 "," 150,000 "," 150,000 "," 150,000 "," 150,000 "," 150,000 "," 150,000 "," 150,000 "," 1,800,000 "," 2,700,000 "," 540,000 ",
2,NALCO Ecolab,Yazan Darwish,Contract Negotiation,90.0%,Dammam 2nd Ind -Tad WH,01-Jun-26,75.0%," 1,800,000 ","4,000",-, - ," 150,000 "," 150,000 "," 150,000 "," 150,000 "," 150,000 "," 150,000 "," 150,000 "," 1,050,000 "," 150,000 "," 150,000 "," 150,000 "," 150,000 "," 150,000 "," 150,000 "," 150,000 "," 150,000 "," 150,000 "," 150,000 "," 150,000 "," 150,000 "," 1,800,000 "," 2,850,000 "," 2,565,000 ",
3,Synthomer ME,Yazan Darwish,Contract Negotiation,90.0%,Dammam 2nd Ind -Tad WH,15-May-26,75.0%," 675,000 ","1,500",-," 56,250 "," 56,250 "," 56,250 "," 56,250 "," 56,250 "," 56,250 "," 56,250 "," 56,250 "," 450,000 "," 56,250 "," 56,250 "," 56,250 "," 56,250 "," 56,250 "," 56,250 "," 56,250 "," 56,250 "," 56,250 "," 56,250 "," 56,250 "," 56,250 "," 675,000 "," 1,125,000 "," 1,012,500 ",
4,Transworld Saudi Logistics,Yazan Darwish,Proposal Sent,60.0%,Dammam 2nd Ind -Tad WH,01-May-26,75.0%," 315,000 ",500,-," 26,250 "," 26,250 "," 26,250 "," 26,250 "," 26,250 "," 26,250 "," 26,250 "," 26,250 "," 210,000 "," 26,250 "," 26,250 "," 26,250 "," 26,250 "," 26,250 "," 26,250 "," 26,250 "," 26,250 "," 26,250 "," 26,250 "," 26,250 "," 26,250 "," 315,000 "," 525,000 "," 315,000 ",
5,Schmidt,Yazan Darwish,Proposal Sent,60.0%,Dammam 2nd Ind -Tad WH,01-May-26,75.0%," 198,000 ",400,-," 16,500 "," 16,500 "," 16,500 "," 16,500 "," 16,500 "," 16,500 "," 16,500 "," 16,500 "," 132,000 "," 16,500 "," 16,500 "," 16,500 "," 16,500 "," 16,500 "," 16,500 "," 16,500 "," 16,500 "," 16,500 "," 16,500 "," 16,500 "," 16,500 "," 198,000 "," 330,000 "," 198,000 ",
6,Zaghami,Yazan Darwish,Proposal Sent,60.0%,Dammam 2nd Ind -Tad WH,01-Aug-26,75.0%," 157,500 ",250,-, - , - , - ," 13,125 "," 13,125 "," 13,125 "," 13,125 "," 13,125 "," 65,625 "," 13,125 "," 13,125 "," 13,125 "," 13,125 "," 13,125 "," 13,125 "," 13,125 "," 13,125 "," 13,125 "," 13,125 "," 13,125 "," 13,125 "," 157,500 "," 223,125 "," 133,875 ",
7,Transworld Saudi Logistics,Yazan Darwish,Proposal Sent,60.0%,Dammam 2nd Ind -Tad WH,01-Jun-26,75.0%," 121,875 ",250,-, - ," 10,156 "," 10,156 "," 10,156 "," 10,156 "," 10,156 "," 10,156 "," 10,156 "," 71,094 "," 10,156 "," 10,156 "," 10,156 "," 10,156 "," 10,156 "," 10,156 "," 10,156 "," 10,156 "," 10,156 "," 10,156 "," 10,156 "," 10,156 "," 121,875 "," 192,969 "," 115,781 ",
8,i-Energy,Yazan Darwish,Proposal Sent,60.0%,Dammam 2nd Ind -Tad WH,01-May-26,75.0%," 112,500 ",250,-," 9,375 "," 9,375 "," 9,375 "," 9,375 "," 9,375 "," 9,375 "," 9,375 "," 9,375 "," 75,000 "," 9,375 "," 9,375 "," 9,375 "," 9,375 "," 9,375 "," 9,375 "," 9,375 "," 9,375 "," 9,375 "," 9,375 "," 9,375 "," 9,375 "," 112,500 "," 187,500 "," 112,500 ",
9,FMS Group,Yazan Darwish,Proposal Sent,60.0%,Dammam 2nd Ind -Tad WH,01-Jun-26,75.0%," 37,500 ",100,-, - ," 3,125 "," 3,125 "," 3,125 "," 3,125 "," 3,125 "," 3,125 "," 3,125 "," 21,875 "," 3,125 "," 3,125 "," 3,125 "," 3,125 "," 3,125 "," 3,125 "," 3,125 "," 3,125 "," 3,125 "," 3,125 "," 3,125 "," 3,125 "," 37,500 "," 59,375 "," 35,625 ",
10,El Ajou Group,Yazan Darwish,Proposal Sent,60.0%,Dammam 2nd Ind -Tad WH,01-Jul-26,75.0%," 58,500 ",100,-, - , - ," 4,875 "," 4,875 "," 4,875 "," 4,875 "," 4,875 "," 4,875 "," 29,250 "," 4,875 "," 4,875 "," 4,875 "," 4,875 "," 4,875 "," 4,875 "," 4,875 "," 4,875 "," 4,875 "," 4,875 "," 4,875 "," 4,875 "," 58,500 "," 87,750 "," 52,650 ",
11,JAS,Yazan Darwish,Shortlisted,75.0%,Jubail 1,01-Jun-26,75.0%," 693,000 ","1,400",-, - ," 57,750 "," 57,750 "," 57,750 "," 57,750 "," 57,750 "," 57,750 "," 57,750 "," 404,250 "," 57,750 "," 57,750 "," 57,750 "," 57,750 "," 57,750 "," 57,750 "," 57,750 "," 57,750 "," 57,750 "," 57,750 "," 57,750 "," 57,750 "," 693,000 "," 1,097,250 "," 822,938 ",
12,LX Pantos Logistics,Yazan Darwish,Shortlisted,75.0%,Jubail 1,01-May-26,75.0%," 544,500 ","1,000",-," 45,375 "," 45,375 "," 45,375 "," 45,375 "," 45,375 "," 45,375 "," 45,375 "," 45,375 "," 363,000 "," 45,375 "," 45,375 "," 45,375 "," 45,375 "," 45,375 "," 45,375 "," 45,375 "," 45,375 "," 45,375 "," 45,375 "," 45,375 "," 45,375 "," 544,500 "," 907,500 "," 680,625 ",
13,S-Chem,Yazan Darwish,Shortlisted,75.0%,Jubail 1,15-Jun-26,75.0%," 103,950 ",730,-, - ," 8,663 "," 8,663 "," 8,663 "," 8,663 "," 8,663 "," 8,663 "," 8,663 "," 60,638 "," 8,663 "," 8,663 "," 8,663 "," 8,663 "," 8,663 "," 8,663 "," 8,663 "," 8,663 "," 8,663 "," 8,663 "," 8,663 "," 8,663 "," 103,950 "," 164,588 "," 123,441 ",
14,Saudi Pelican Logistics Solutions,Yazan Darwish,Proposal Sent,60.0%,Jubail 1,01-Jun-26,75.0%," 222,750 ",500,-, - ," 18,563 "," 18,563 "," 18,563 "," 18,563 "," 18,563 "," 18,563 "," 18,563 "," 129,938 "," 18,563 "," 18,563 "," 18,563 "," 18,563 "," 18,563 "," 18,563 "," 18,563 "," 18,563 "," 18,563 "," 18,563 "," 18,563 "," 18,563 "," 222,750 "," 352,688 "," 211,613 ",
15,Ravago Saudi Arabia,Yazan Darwish,Proposal Sent,60.0%,Jubail 2,01-Sep-26,75.0%," 412,500 ","1,200",-, - , - , - , - ," 34,375 "," 34,375 "," 34,375 "," 34,375 "," 137,500 "," 34,375 "," 34,375 "," 34,375 "," 34,375 "," 34,375 "," 34,375 "," 34,375 "," 34,375 "," 34,375 "," 34,375 "," 34,375 "," 34,375 "," 412,500 "," 550,000 "," 330,000 ",
16,Tahakom,Yazan Darwish,Shortlisted,75.0%,Jubail 2,01-Jul-26,75.0%," 637,500 ",-,"15,000", - , - ," 53,125 "," 53,125 "," 53,125 "," 53,125 "," 53,125 "," 53,125 "," 318,750 "," 53,125 "," 53,125 "," 53,125 "," 53,125 "," 53,125 "," 53,125 "," 53,125 "," 53,125 "," 53,125 "," 53,125 "," 53,125 "," 53,125 "," 637,500 "," 956,250 "," 717,188 ",
17,Oriend Provisions,Simon Reah,Proposal Sent,60.0%,Jeddah Modon 3A,01-Aug-26,75.0%," 1,215,000 ","3,000",-, - , - , - ," 101,250 "," 101,250 "," 101,250 "," 101,250 "," 101,250 "," 506,250 "," 101,250 "," 101,250 "," 101,250 "," 101,250 "," 101,250 "," 101,250 "," 101,250 "," 101,250 "," 101,250 "," 101,250 "," 101,250 "," 101,250 "," 1,215,000 "," 1,721,250 "," 1,032,750 ",
18,Al Nahdi,Simon Reah,Contract Negotiation,90.0%,Jeddah Modon 3A,01-May-26,75.0%," 810,000 ","3,000",-," 67,500 "," 67,500 "," 67,500 "," 67,500 "," 67,500 "," 67,500 "," 67,500 "," 67,500 "," 540,000 "," 67,500 "," 67,500 "," 67,500 "," 67,500 "," 67,500 "," 67,500 "," 67,500 "," 67,500 "," 67,500 "," 67,500 "," 67,500 "," 67,500 "," 810,000 "," 1,350,000 "," 1,215,000 ",
19,JamJoom,Simon Reah,Shortlisted,75.0%,Jeddah Modon 3A,01-Jun-26,75.0%," 668,250 ","1,500",-, - ," 55,688 "," 55,688 "," 55,688 "," 55,688 "," 55,688 "," 55,688 "," 55,688 "," 389,813 "," 55,688 "," 55,688 "," 55,688 "," 55,688 "," 55,688 "," 55,688 "," 55,688 "," 55,688 "," 55,688 "," 55,688 "," 55,688 "," 55,688 "," 668,250 "," 1,058,063 "," 793,547 ",
20,Med City Pharma,Amin AlHalabi,Proposal Sent,60.0%,Jeddah Modon 3A,01-Jun-26,75.0%," 446,400 ",800,-, - ," 37,200 "," 37,200 "," 37,200 "," 37,200 "," 37,200 "," 37,200 "," 37,200 "," 260,400 "," 37,200 "," 37,200 "," 37,200 "," 37,200 "," 37,200 "," 37,200 "," 37,200 "," 37,200 "," 37,200 "," 37,200 "," 37,200 "," 37,200 "," 446,400 "," 706,800 "," 424,080 ",
21,Diwan Al Qahwa Trading Company,Yazan Darwish,Proposal Sent,60.0%,Jeddah Modon 3A,01-Jul-26,75.0%," 297,000 ",500,-, - , - ," 24,750 "," 24,750 "," 24,750 "," 24,750 "," 24,750 "," 24,750 "," 148,500 "," 24,750 "," 24,750 "," 24,750 "," 24,750 "," 24,750 "," 24,750 "," 24,750 "," 24,750 "," 24,750 "," 24,750 "," 24,750 "," 24,750 "," 297,000 "," 445,500 "," 267,300 ",
22,Tejoury,Hano Oberholzer,Proposal Sent,60.0%,Jeddah Modon 3A,01-Jul-26,75.0%," 3,300,000 ",-,"4,495", - , - ," 275,000 "," 275,000 "," 275,000 "," 275,000 "," 275,000 "," 275,000 "," 1,650,000 "," 275,000 "," 275,000 "," 275,000 "," 275,000 "," 275,000 "," 275,000 "," 275,000 "," 275,000 "," 275,000 "," 275,000 "," 275,000 "," 275,000 "," 3,300,000 "," 4,950,000 "," 2,970,000 ",
23,United Carton,Simon Reah,Proposal Sent,60.0%,Jeddah Modon 3B,01-Jul-26,75.0%," 378,000 ","1,400",-, - , - ," 31,500 "," 31,500 "," 31,500 "," 31,500 "," 31,500 "," 31,500 "," 189,000 "," 31,500 "," 31,500 "," 31,500 "," 31,500 "," 31,500 "," 31,500 "," 31,500 "," 31,500 "," 31,500 "," 31,500 "," 31,500 "," 31,500 "," 378,000 "," 567,000 "," 340,200 ",
24,El Ajou Group,Yazan Darwish,Proposal Sent,60.0%,Jeddah Modon 3B,01-Jul-26,75.0%," 380,250 ",900,-, - , - ," 31,688 "," 31,688 "," 31,688 "," 31,688 "," 31,688 "," 31,688 "," 190,125 "," 31,688 "," 31,688 "," 31,688 "," 31,688 "," 31,688 "," 31,688 "," 31,688 "," 31,688 "," 31,688 "," 31,688 "," 31,688 "," 31,688 "," 380,250 "," 570,375 "," 342,225 ",
25,Astra Polymers,Yazan Darwish,Proposal Sent,60.0%,Jeddah Modon 3B,01-Jul-26,75.0%," 95,250 ",250,-, - , - ," 7,938 "," 7,938 "," 7,938 "," 7,938 "," 7,938 "," 7,938 "," 47,625 "," 7,938 "," 7,938 "," 7,938 "," 7,938 "," 7,938 "," 7,938 "," 7,938 "," 7,938 "," 7,938 "," 7,938 "," 7,938 "," 7,938 "," 95,250 "," 142,875 "," 85,725 ",
26,Shuran Plastic,Simon Reah,Proposal Sent,60.0%,Jeddah Modon 3B,01-Jun-26,75.0%," 634,500 ",-,"1,500", - ," 52,875 "," 52,875 "," 52,875 "," 52,875 "," 52,875 "," 52,875 "," 52,875 "," 370,125 "," 52,875 "," 52,875 "," 52,875 "," 52,875 "," 52,875 "," 52,875 "," 52,875 "," 52,875 "," 52,875 "," 52,875 "," 52,875 "," 52,875 "," 634,500 "," 1,004,625 "," 602,775 ",
27,Solenis,Amin AlHalabi,Proposal Sent,60.0%,RUH Tayba,01-Sep-26,75.0%," 1,305,000 ","3,000",-, - , - , - , - ," 108,750 "," 108,750 "," 108,750 "," 108,750 "," 435,000 "," 108,750 "," 108,750 "," 108,750 "," 108,750 "," 108,750 "," 108,750 "," 108,750 "," 108,750 "," 108,750 "," 108,750 "," 108,750 "," 108,750 "," 1,305,000 "," 1,740,000 "," 1,044,000 ",
28,Kuehne & Nagel,Simon Reah,Proposal Sent,60.0%,RUH Tayba,01-Nov-26,75.0%," 4,576,500 ","2,500",-, - , - , - , - , - , - ," 381,375 "," 381,375 "," 762,750 "," 381,375 "," 381,375 "," 381,375 "," 381,375 "," 381,375 "," 381,375 "," 381,375 "," 381,375 "," 381,375 "," 381,375 "," 381,375 "," 381,375 "," 4,576,500 "," 5,339,250 "," 3,203,550 ",
29,United Carton,Simon Reah,Proposal Sent,60.0%,RUH Tayba,01-Jul-26,75.0%," 378,000 ","1,200",-, - , - ," 31,500 "," 31,500 "," 31,500 "," 31,500 "," 31,500 "," 31,500 "," 189,000 "," 31,500 "," 31,500 "," 31,500 "," 31,500 "," 31,500 "," 31,500 "," 31,500 "," 31,500 "," 31,500 "," 31,500 "," 31,500 "," 31,500 "," 378,000 "," 567,000 "," 340,200 ",
30,Kuehne & Nagel,Simon Reah,Proposal Sent,60.0%,RUH Tayba,01-Jul-26,75.0%," 1,518,750 ",-,"5,000", - , - ," 126,563 "," 126,563 "," 126,563 "," 126,563 "," 126,563 "," 126,563 "," 759,375 "," 126,563 "," 126,563 "," 126,563 "," 126,563 "," 126,563 "," 126,563 "," 126,563 "," 126,563 "," 126,563 "," 126,563 "," 126,563 "," 126,563 "," 1,518,750 "," 2,278,125 "," 1,366,875 ",
31,Kuehne & Nagel,Simon Reah,Proposal Sent,60.0%,RUH Tayba,15-May-26,75.0%," 73,535 ",-,150," 6,128 "," 6,128 "," 6,128 "," 6,128 "," 6,128 "," 6,128 "," 6,128 "," 6,128 "," 49,023 "," 6,128 "," 6,128 "," 6,128 "," 6,128 "," 6,128 "," 6,128 "," 6,128 "," 6,128 "," 6,128 "," 6,128 "," 6,128 "," 6,128 "," 73,535 "," 122,558 "," 73,535 ",
32,Baxter,Yazan Darwish,Proposal Sent,60.0%,Subcontractor,01-Jun-26,75.0%," 750,000 ","2,500",-, - ," 62,500 "," 62,500 "," 62,500 "," 62,500 "," 62,500 "," 62,500 "," 62,500 "," 437,500 "," 62,500 "," 62,500 "," 62,500 "," 62,500 "," 62,500 "," 62,500 "," 62,500 "," 62,500 "," 62,500 "," 62,500 "," 62,500 "," 62,500 "," 750,000 "," 1,187,500 "," 712,500 ",
33,Al Nahdi,Simon Reah,Proposal Sent,60.0%,Subcontractor,01-May-26,75.0%," 600,000 ","2,000",-," 50,000 "," 50,000 "," 50,000 "," 50,000 "," 50,000 "," 50,000 "," 50,000 "," 50,000 "," 400,000 "," 50,000 "," 50,000 "," 50,000 "," 50,000 "," 50,000 "," 50,000 "," 50,000 "," 50,000 "," 50,000 "," 50,000 "," 50,000 "," 50,000 "," 600,000 "," 1,000,000 "," 600,000 ",
34,HMH,Yazan Darwish,Qualified,40.0%,Contract Logistics,01-Jun-26,75.0%," 637,500 ",-,-, - ," 53,125 "," 53,125 "," 53,125 "," 53,125 "," 53,125 "," 53,125 "," 53,125 "," 371,875 "," 53,125 "," 53,125 "," 53,125 "," 53,125 "," 53,125 "," 53,125 "," 53,125 "," 53,125 "," 53,125 "," 53,125 "," 53,125 "," 53,125 "," 637,500 "," 1,009,375 "," 403,750 ",
35,Saudi National Bank,Hano Oberholzer,Proposal Sent,60.0%,Contract Logistics,15-May-26,75.0%," 1,481,540 ",-,-," 123,462 "," 123,462 "," 123,462 "," 123,462 "," 123,462 "," 123,462 "," 123,462 "," 123,462 "," 987,693 "," 123,462 "," 123,462 "," 123,462 "," 123,462 "," 123,462 "," 123,462 "," 123,462 "," 123,462 "," 123,462 "," 123,462 "," 123,462 "," 123,462 "," 1,481,540 "," 2,469,233 "," 1,481,540 ",
36,SAUDI CARBONATE COMPANY,Yazan  Darwish,Closed Won,100.0%,Dammam Port,01-May-26,75.0%, - ,300,-, - , - , - , - , - , - , - , - , - , - , - , - , - , - , - , - , - , - , - , - , - , - , - , - ,
37,MEBCo (Clarios),Yazan  Darwish,Closed Won,100.0%,Dammam 2nd Ind -Tad WH,01-Mar-26,75.0%," 486,000 ",900,-," 40,500 "," 40,500 "," 40,500 "," 40,500 "," 40,500 "," 40,500 "," 40,500 "," 40,500 "," 324,000 "," 40,500 "," 40,500 "," 40,500 "," 40,500 "," 40,500 "," 40,500 "," 40,500 "," 40,500 "," 40,500 "," 40,500 "," 40,500 "," 40,500 "," 486,000 "," 810,000 "," 810,000 ",
38,Rawabi Electric,Yazan  Darwish,Closed Won,100.0%,Dammam 2nd Ind -Tad WH,27-Jan-26,75.0%," 79,200 ",440,-," 6,600 "," 6,600 "," 6,600 "," 6,600 "," 6,600 "," 6,600 "," 6,600 "," 6,600 "," 52,800 "," 6,600 "," 6,600 "," 6,600 "," 6,600 "," 6,600 "," 6,600 "," 6,600 "," 6,600 "," 6,600 "," 6,600 "," 6,600 "," 6,600 "," 79,200 "," 132,000 "," 132,000 ",
39,Dorfketal,Yazan  Darwish,Closed Won,100.0%,Dammam 2nd Ind -Tad WH,01-May-26,75.0%," 58,500 ",200,-," 4,875 "," 4,875 "," 4,875 "," 4,875 "," 4,875 "," 4,875 "," 4,875 "," 4,875 "," 39,000 "," 4,875 "," 4,875 "," 4,875 "," 4,875 "," 4,875 "," 4,875 "," 4,875 "," 4,875 "," 4,875 "," 4,875 "," 4,875 "," 4,875 "," 58,500 "," 97,500 "," 97,500 ",
40,Rising Future,Yazan  Darwish,Closed Won,100.0%,Dammam 2nd Ind -Tad WH,01-Mar-26,75.0%," 22,500 ",50,-," 1,875 "," 1,875 "," 1,875 "," 1,875 "," 1,875 "," 1,875 "," 1,875 "," 1,875 "," 15,000 "," 1,875 "," 1,875 "," 1,875 "," 1,875 "," 1,875 "," 1,875 "," 1,875 "," 1,875 "," 1,875 "," 1,875 "," 1,875 "," 1,875 "," 22,500 "," 37,500 "," 37,500 ",
41,Maaden,Yazan  Darwish,Closed Won,100.0%,Jubail 1,01-Feb-26,75.0%," 720,000 ","1,200",-," 60,000 "," 60,000 "," 60,000 "," 60,000 "," 60,000 "," 60,000 "," 60,000 "," 60,000 "," 480,000 "," 60,000 "," 60,000 "," 60,000 "," 60,000 "," 60,000 "," 60,000 "," 60,000 "," 60,000 "," 60,000 "," 60,000 "," 60,000 "," 60,000 "," 720,000 "," 1,200,000 "," 1,200,000 ",
42,Al Nahdi,Simon Reah,Closed Won,100.0%,Jeddah Modon 3B,01-Apr-26,75.0%," 567,000 ","4,000",-," 47,250 "," 47,250 "," 47,250 "," 47,250 "," 47,250 "," 47,250 "," 47,250 "," 47,250 "," 378,000 "," 47,250 "," 47,250 "," 47,250 "," 47,250 "," 47,250 "," 47,250 "," 47,250 "," 47,250 "," 47,250 "," 47,250 "," 47,250 "," 47,250 "," 567,000 "," 945,000 "," 945,000 ",
43,Sharbatly Fruit Company,Simon Reah,Closed Won,100.0%,Jeddah Modon 3B,15-Apr-26,75.0%," 513,000 ","1,500",-," 42,750 "," 42,750 "," 42,750 "," 42,750 "," 42,750 "," 42,750 "," 42,750 "," 42,750 "," 342,000 "," 42,750 "," 42,750 "," 42,750 "," 42,750 "," 42,750 "," 42,750 "," 42,750 "," 42,750 "," 42,750 "," 42,750 "," 42,750 "," 42,750 "," 513,000 "," 855,000 "," 855,000 ",
44,PSA-BDP,Amin AlHalabi,Closed Won,100.0%,Subcontractor,14-Feb-26,75.0%," 1,350,000 ","2,500",-," 112,500 "," 112,500 "," 112,500 "," 112,500 "," 112,500 "," 112,500 "," 112,500 "," 112,500 "," 900,000 "," 112,500 "," 112,500 "," 112,500 "," 112,500 "," 112,500 "," 112,500 "," 112,500 "," 112,500 "," 112,500 "," 112,500 "," 112,500 "," 112,500 "," 1,350,000 "," 2,250,000 "," 2,250,000 ",
45,Tasnee,Yazan  Darwish,Closed Won,100.0%,Contract Logistics,01-May-26,75.0%," 543,750 ",-,-," 45,313 "," 45,313 "," 45,313 "," 45,313 "," 45,313 "," 45,313 "," 45,313 "," 45,313 "," 362,500 "," 45,313 "," 45,313 "," 45,313 "," 45,313 "," 45,313 "," 45,313 "," 45,313 "," 45,313 "," 45,313 "," 45,313 "," 45,313 "," 45,313 "," 543,750 "," 906,250 "," 906,250 ",
46,,,,-,,,75.0%, - ,-,-, - , - , - , - , - , - , - , - , - , - , - , - , - , - , - , - , - , - , - , - , - , - , - , - ,
47,,,,-,,,75.0%, - ,-,-, - , - , - , - , - , - , - , - , - , - , - , - , - , - , - , - , - , - , - , - , - , - , - , - ,
48,,,,-,,,75.0%, - ,-,-, - , - , - , - , - , - , - , - , - , - , - , - , - , - , - , - , - , - , - , - , - , - , - , - ,
49,,,,-,,,75.0%, - ,-,-, - , - , - , - , - , - , - , - , - , - , - , - , - , - , - , - , - , - , - , - , - , - , - , - ,
50,,,,-,,,75.0%, - ,-,-, - , - , - , - , - , - , - , - , - , - , - , - , - , - , - , - , - , - , - , - , - , - , - , - ,
51,,,,-,,,75.0%, - ,-,-, - , - , - , - , - , - , - , - , - , - , - , - , - , - , - , - , - , - , - , - , - , - , - , - ,
52,,,,-,,,75.0%, - ,-,-, - , - , - , - , - , - , - , - , - , - , - , - , - , - , - , - , - , - , - , - , - , - , - , - ,
53,,,,-,,,75.0%, - ,-,-, - , - , - , - , - , - , - , - , - , - , - , - , - , - , - , - , - , - , - , - , - , - , - , - ,
54,,,,-,,,75.0%, - ,-,-, - , - , - , - , - , - , - , - , - , - , - , - , - , - , - , - , - , - , - , - , - , - , - , - ,
55,,,,-,,,75.0%, - ,-,-, - , - , - , - , - , - , - , - , - , - , - , - , - , - , - , - , - , - , - , - , - , - , - , - ,
56,,,,-,,,75.0%, - ,-,-, - , - , - , - , - , - , - , - , - , - , - , - , - , - , - , - , - , - , - , - , - , - , - , - ,
57,,,,-,,,75.0%, - ,-,-, - , - , - , - , - , - , - , - , - , - , - , - , - , - , - , - , - , - , - , - , - , - , - , - ,
58,,,,-,,,75.0%, - ,-,-, - , - , - , - , - , - , - , - , - , - , - , - , - , - , - , - , - , - , - , - , - , - , - , - ,
59,,,,-,,,75.0%, - ,-,-, - , - , - , - , - , - , - , - , - , - , - , - , - , - , - , - , - , - , - , - , - , - , - , - ,
60,,,,-,,,75.0%, - ,-,-, - , - , - , - , - , - , - , - , - , - , - , - , - , - , - , - , - , - , - , - , - , - , - , - ,
,TOTAL COSTS (Unweighted),,,,,,,,,," 762,502 "," 1,272,146 "," 2,009,083 "," 2,123,458 "," 2,266,583 "," 2,266,583 "," 2,647,958 "," 2,647,958 "," 15,996,272 "," 2,647,958 "," 2,647,958 "," 2,647,958 "," 2,647,958 "," 2,647,958 "," 2,647,958 "," 2,647,958 "," 2,647,958 "," 2,647,958 "," 2,647,958 "," 2,647,958 "," 2,647,958 "," 31,775,499 "," 47,771,771 ",,
,TOTAL COSTS (Probability-Weighted),,,,,,,,,," 646,097 "," 1,004,574 "," 1,394,705 "," 1,463,330 "," 1,549,205 "," 1,549,205 "," 1,778,030 "," 1,778,030 "," 11,163,176 "," 1,778,030 "," 1,778,030 "," 1,778,030 "," 1,778,030 "," 1,778,030 "," 1,778,030 "," 1,778,030 "," 1,778,030 "," 1,778,030 "," 1,778,030 "," 1,778,030 "," 1,778,030 "," 21,336,359 "," 32,499,535 ",,
,,,,,,,,,,,,,,,,,,,,,,,,,,,,,,,,,,,
3. GROSS PROFIT IMPACT,,,,,,,,,,,,,,,,,,,,,,,,,,,,,,,,,,,
#,Metric,,,,,,,,,,May-26,Jun-26,Jul-26,Aug-26,Sep-26,Oct-26,Nov-26,Dec-26,2026 Total,Jan-27,Feb-27,Mar-27,Apr-27,May-27,Jun-27,Jul-27,Aug-27,Sep-27,Oct-27,Nov-27,Dec-27,2027 Total,Grand Total,,Notes
,GP (Unweighted),,,,,,,,,," 254,167 "," 424,049 "," 669,694 "," 707,819 "," 755,528 "," 755,528 "," 882,653 "," 882,653 "," 5,332,091 "," 882,653 "," 882,653 "," 882,653 "," 882,653 "," 882,653 "," 882,653 "," 882,653 "," 882,653 "," 882,653 "," 882,653 "," 882,653 "," 882,653 "," 10,591,833 "," 15,923,924 ",,
,GP (Probability-Weighted),,,,,,,,,," 215,366 "," 334,858 "," 464,902 "," 487,777 "," 516,402 "," 516,402 "," 592,677 "," 592,677 "," 3,721,059 "," 592,677 "," 592,677 "," 592,677 "," 592,677 "," 592,677 "," 592,677 "," 592,677 "," 592,677 "," 592,677 "," 592,677 "," 592,677 "," 592,677 "," 7,112,120 "," 10,833,178 ",,
,GP % (Weighted),,,,,,,,,,25.0%,25.0%,25.0%,25.0%,25.0%,25.0%,25.0%,25.0%,25.0%,25.0%,25.0%,25.0%,25.0%,25.0%,25.0%,25.0%,25.0%,25.0%,25.0%,25.0%,25.0%,25.0%,25.0%,,
,,,,,,,,,,,,,,,,,,,,,,,,,,,,,,,,,,,
"GP per Stage (Unweighted) Ś Revenue minus Cost, filtered by Stage",,,,,,,,,,,,,,,,,,,,,,,,,,,,,,,,,,,
,GP Ś Closed Lost,0%,,,,,,,,, - , - , - , - , - , - , - , - , - , - , - , - , - , - , - , - , - , - , - , - , - , - , - ,,
,GP Ś Prospecting,20%,,,,,,,,, - , - ," 50,000 "," 50,000 "," 50,000 "," 50,000 "," 50,000 "," 50,000 "," 300,000 "," 50,000 "," 50,000 "," 50,000 "," 50,000 "," 50,000 "," 50,000 "," 50,000 "," 50,000 "," 50,000 "," 50,000 "," 50,000 "," 50,000 "," 600,000 "," 900,000 ",,
,GP Ś Qualified,40%,,,,,,,,, - ," 17,708 "," 17,708 "," 17,708 "," 17,708 "," 17,708 "," 17,708 "," 17,708 "," 123,958 "," 17,708 "," 17,708 "," 17,708 "," 17,708 "," 17,708 "," 17,708 "," 17,708 "," 17,708 "," 17,708 "," 17,708 "," 17,708 "," 17,708 "," 212,500 "," 336,458 ",,
,GP Ś Proposal Sent,60%,,,,,,,,," 77,238 "," 138,711 "," 316,649 "," 354,774 "," 402,482 "," 402,482 "," 529,607 "," 529,607 "," 2,751,549 "," 529,607 "," 529,607 "," 529,607 "," 529,607 "," 529,607 "," 529,607 "," 529,607 "," 529,607 "," 529,607 "," 529,607 "," 529,607 "," 529,607 "," 6,355,283 "," 9,106,832 ",,
,GP Ś Shortlisted,75%,,,,,,,,," 15,125 "," 55,825 "," 73,533 "," 73,533 "," 73,533 "," 73,533 "," 73,533 "," 73,533 "," 512,150 "," 73,533 "," 73,533 "," 73,533 "," 73,533 "," 73,533 "," 73,533 "," 73,533 "," 73,533 "," 73,533 "," 73,533 "," 73,533 "," 73,533 "," 882,400 "," 1,394,550 ",,
,GP Ś Contract Negotiation,90%,,,,,,,,," 41,250 "," 91,250 "," 91,250 "," 91,250 "," 91,250 "," 91,250 "," 91,250 "," 91,250 "," 680,000 "," 91,250 "," 91,250 "," 91,250 "," 91,250 "," 91,250 "," 91,250 "," 91,250 "," 91,250 "," 91,250 "," 91,250 "," 91,250 "," 91,250 "," 1,095,000 "," 1,775,000 ",,
,GP Ś Closed Won,100%,,,,,,,,," 120,554 "," 120,554 "," 120,554 "," 120,554 "," 120,554 "," 120,554 "," 120,554 "," 120,554 "," 964,433 "," 120,554 "," 120,554 "," 120,554 "," 120,554 "," 120,554 "," 120,554 "," 120,554 "," 120,554 "," 120,554 "," 120,554 "," 120,554 "," 120,554 "," 1,446,650 "," 2,411,083 ",,
,,,,,,,,,,,,,,,,,,,,,,,,,,,,,,,,,,,
"Revenue per Stage (Unweighted) Ś Section 1 revenue, filtered by stage",,,,,,,,,,,,,,,,,,,,,,,,,,,,,,,,,,,
,Revenue Ś Closed Lost,0%,,,,,,,,, - , - , - , - , - , - , - , - , - , - , - , - , - , - , - , - , - , - , - , - , - , - , - ,,
,Revenue Ś Prospecting,20%,,,,,,,,, - , - ," 200,000 "," 200,000 "," 200,000 "," 200,000 "," 200,000 "," 200,000 "," 1,200,000 "," 200,000 "," 200,000 "," 200,000 "," 200,000 "," 200,000 "," 200,000 "," 200,000 "," 200,000 "," 200,000 "," 200,000 "," 200,000 "," 200,000 "," 2,400,000 "," 3,600,000 ",,
,Revenue Ś Qualified,40%,,,,,,,,, - ," 70,833 "," 70,833 "," 70,833 "," 70,833 "," 70,833 "," 70,833 "," 70,833 "," 495,833 "," 70,833 "," 70,833 "," 70,833 "," 70,833 "," 70,833 "," 70,833 "," 70,833 "," 70,833 "," 70,833 "," 70,833 "," 70,833 "," 70,833 "," 850,000 "," 1,345,833 ",,
,Revenue Ś Proposal Sent,60%,,,,,,,,," 308,953 "," 554,844 "," 1,266,594 "," 1,419,094 "," 1,609,928 "," 1,609,928 "," 2,118,428 "," 2,118,428 "," 11,006,196 "," 2,118,428 "," 2,118,428 "," 2,118,428 "," 2,118,428 "," 2,118,428 "," 2,118,428 "," 2,118,428 "," 2,118,428 "," 2,118,428 "," 2,118,428 "," 2,118,428 "," 2,118,428 "," 25,421,132 "," 36,427,328 ",,
,Revenue Ś Shortlisted,75%,,,,,,,,," 60,500 "," 223,300 "," 294,133 "," 294,133 "," 294,133 "," 294,133 "," 294,133 "," 294,133 "," 2,048,600 "," 294,133 "," 294,133 "," 294,133 "," 294,133 "," 294,133 "," 294,133 "," 294,133 "," 294,133 "," 294,133 "," 294,133 "," 294,133 "," 294,133 "," 3,529,600 "," 5,578,200 ",,
,Revenue Ś Contract Negotiation,90%,,,,,,,,," 165,000 "," 365,000 "," 365,000 "," 365,000 "," 365,000 "," 365,000 "," 365,000 "," 365,000 "," 2,720,000 "," 365,000 "," 365,000 "," 365,000 "," 365,000 "," 365,000 "," 365,000 "," 365,000 "," 365,000 "," 365,000 "," 365,000 "," 365,000 "," 365,000 "," 4,380,000 "," 7,100,000 ",,
,Revenue Ś Closed Won,100%,,,,,,,,," 482,217 "," 482,217 "," 482,217 "," 482,217 "," 482,217 "," 482,217 "," 482,217 "," 482,217 "," 3,857,733 "," 482,217 "," 482,217 "," 482,217 "," 482,217 "," 482,217 "," 482,217 "," 482,217 "," 482,217 "," 482,217 "," 482,217 "," 482,217 "," 482,217 "," 5,786,600 "," 9,644,333 ",,
,,,,,,,,,,,,,,,,,,,,,,,,,,,,,,,,,,,
4. SPACE AVAILABILITY Ś PALLET POSITIONS,,,,,,,,,,,,,,,,,,,,,,,,,,,,,,,,,,,
#,Warehouse,Total Locations (Physical Rac locations),Total Capacity       (Bin + Manual ),Occupied Capacity                  ( Physical + Floor + Manual ),Utilization %,Sellable Capacity,Committed Capacity,Blocked Locations,Virtual Locations,,May-26,Jun-26,Jul-26,Aug-26,Sep-26,Oct-26,Nov-26,Dec-26,2026 Avg,Jan-27,Feb-27,Mar-27,Apr-27,May-27,Jun-27,Jul-27,Aug-27,Sep-27,Oct-27,Nov-27,Dec-27,2027 Avg,Avg,,Notes
4A. Remaining Available Pallet Positions (= Warehouse Capacity - Cumulative Committed [Closed Won + Contract Negotiation + Shortlisted]),,,,,,,,,,,,,,,,,,,,,,,,,,,,,,,,,,,
1,Dammam Port,"28,694","34,755","29,782",85.7%,"4,973","23,400",-,-,,"4,673","4,673","4,673","4,673","4,673","4,673","4,673","4,673","4,673","(23,700)","(23,700)","(23,700)","(23,700)","(23,700)","(23,700)","(23,700)","(23,700)","(23,700)","(23,700)","(23,700)","(23,700)","(23,700)","(12,351)",,
2,Dammam 2nd Ind -Tad WH,"16,153","18,654","8,607",46.1%,"10,047",-,"3,619",-,,"6,957","2,957","2,957","2,957","2,957","2,957","2,957","2,957","3,457","(1,590)","(1,590)","(1,590)","(1,590)","(1,590)","(1,590)","(1,590)","(1,590)","(1,590)","(1,590)","(1,590)","(1,590)","(1,590)",429,,
3,Jubail 1,"31,172","35,542","11,836",33.3%,"23,706","13,157",146,144,,"21,506","19,376","19,376","19,376","19,376","19,376","19,376","19,376","19,642","(14,213)","(14,213)","(14,213)","(14,213)","(14,213)","(14,213)","(14,213)","(14,213)","(14,213)","(14,213)","(14,213)","(14,213)","(14,213)",(671),,
4,Jubail 2,"8,152","29,258","10,011",34.2%,"19,247",-,-,-,,"19,247","19,247","19,247","19,247","19,247","19,247","19,247","19,247","19,247",-,-,-,-,-,-,-,-,-,-,-,-,-,"7,699",,
5,Jubail Total,"39,324","64,800","21,847",33.7%,"42,953","13,157",146,144,,"40,753","38,623","38,623","38,623","38,623","38,623","38,623","38,623","38,889","(14,213)","(14,213)","(14,213)","(14,213)","(14,213)","(14,213)","(14,213)","(14,213)","(14,213)","(14,213)","(14,213)","(14,213)","(14,213)","7,028",,
6,Jeddah Modon 3A,"36,212","36,840","17,127",46.5%,"19,713",300,"9,038",134,,"16,713","15,213","15,213","15,213","15,213","15,213","15,213","15,213","15,401",(166),(166),(166),(166),(166),(166),(166),(166),(166),(166),(166),(166),(166),"6,061",,
7,Jeddah Modon 3B,"12,177","14,189","13,503",95.2%,686,"2,600","3,734",-,,"(4,814)","(4,814)","(4,814)","(4,814)","(4,814)","(4,814)","(4,814)","(4,814)","(4,814)","(8,100)","(8,100)","(8,100)","(8,100)","(8,100)","(8,100)","(8,100)","(8,100)","(8,100)","(8,100)","(8,100)","(8,100)","(8,100)","(6,786)",,
8,RUH Tayba,-,"11,132","8,134",73.1%,"2,998",317,-,-,,"2,998","2,998","2,998","2,998","2,998","2,998","2,998","2,998","2,998",(317),(317),(317),(317),(317),(317),(317),(317),(317),(317),(317),(317),(317),"1,009",,
9,Subcontractor,-,-,-,-,"7,500",-,-,-,,"5,000","5,000","5,000","5,000","5,000","5,000","5,000","5,000","5,000","(2,500)","(2,500)","(2,500)","(2,500)","(2,500)","(2,500)","(2,500)","(2,500)","(2,500)","(2,500)","(2,500)","(2,500)","(2,500)",500,,
10,Contract Logistics,-,-,-,-,-,-,-,-,,-,-,-,-,-,-,-,-,-,-,-,-,-,-,-,-,-,-,-,-,-,-,-,,
,Total Remaining Available Pallet Positions,"132,560","180,370","99,000",54.9%,"88,870","39,774","16,537",278,,"72,280","64,650","64,650","64,650","64,650","64,650","64,650","64,650","65,604","(50,586)","(50,586)","(50,586)","(50,586)","(50,586)","(50,586)","(50,586)","(50,586)","(50,586)","(50,586)","(50,586)","(50,586)","(50,586)","(4,110)",,
4B. Committed Pallet Positions (auto: cumulative based on go live date) Ś Closed Won + Contract Negotiation + Shortlisted,,,,,,,,,,,,,,,,,,,,,,,,,,,,,,,,,,,
1,Dammam Port,"28,694","34,755","29,782",85.7%,"4,973","23,400",-,-,,300,300,300,300,300,300,300,300,300,300,300,300,300,300,300,300,300,300,300,300,300,300,300,,
2,Dammam 2nd Ind -Tad WH,"16,153","18,654","8,607",46.1%,"10,047",-,"3,619",-,,"3,090","7,090","7,090","7,090","7,090","7,090","7,090","7,090","6,590","1,590","1,590","1,590","1,590","1,590","1,590","1,590","1,590","1,590","1,590","1,590","1,590","1,590","3,590",,
3,Jubail 1,"31,172","35,542","11,836",33.3%,"23,706","13,157",146,144,,"2,200","4,330","4,330","4,330","4,330","4,330","4,330","4,330","4,064","1,200","1,200","1,200","1,200","1,200","1,200","1,200","1,200","1,200","1,200","1,200","1,200","1,200","2,346",,
4,Jubail 2,"8,152","29,258","10,011",34.2%,"19,247",-,-,-,,-,-,-,-,-,-,-,-,-,-,-,-,-,-,-,-,-,-,-,-,-,-,-,,
5,Jubail Total,"39,324","64,800","21,847",33.7%,"42,953","13,157",146,144,,"2,200","4,330","4,330","4,330","4,330","4,330","4,330","4,330","4,064","1,200","1,200","1,200","1,200","1,200","1,200","1,200","1,200","1,200","1,200","1,200","1,200","1,200","2,346",,
6,Jeddah Modon 3A,"36,212","36,840","17,127",46.5%,"19,713",300,"9,038",134,,"3,000","4,500","4,500","4,500","4,500","4,500","4,500","4,500","4,313",-,-,-,-,-,-,-,-,-,-,-,-,-,"1,725",,
7,Jeddah Modon 3B,"12,177","14,189","13,503",95.2%,686,"2,600","3,734",-,,"5,500","5,500","5,500","5,500","5,500","5,500","5,500","5,500","5,500","5,500","5,500","5,500","5,500","5,500","5,500","5,500","5,500","5,500","5,500","5,500","5,500","5,500","5,500",,
8,RUH Tayba,-,"11,132","8,134",73.1%,"2,998",317,-,-,,-,-,-,-,-,-,-,-,-,-,-,-,-,-,-,-,-,-,-,-,-,-,-,,
9,Subcontractor,-,-,-,-,"7,500",-,-,-,,"2,500","2,500","2,500","2,500","2,500","2,500","2,500","2,500","2,500","2,500","2,500","2,500","2,500","2,500","2,500","2,500","2,500","2,500","2,500","2,500","2,500","2,500","2,500",,
10,Contract Logistics,-,-,-,-,-,-,-,-,,-,-,-,-,-,-,-,-,-,-,-,-,-,-,-,-,-,-,-,-,-,-,-,,
,Total Committed Pallet Positions,"132,560","180,370","99,000",54.9%,"88,870","39,774","16,537",278,,"16,590","24,220","24,220","24,220","24,220","24,220","24,220","24,220","23,266","11,090","11,090","11,090","11,090","11,090","11,090","11,090","11,090","11,090","11,090","11,090","11,090","11,090","15,961",,
,Free Space Baseline  (Sellable Capacity),,,,,,,,,,"88,870","88,870","88,870","88,870","88,870","88,870","88,870","88,870","88,870","(39,496)","(39,496)","(39,496)","(39,496)","(39,496)","(39,496)","(39,496)","(39,496)","(39,496)","(39,496)","(39,496)","(39,496)","(39,496)","11,850",,
,Utilization %  (Committed / Baseline),,,,,,,,,,18.7%,27.3%,27.3%,27.3%,27.3%,27.3%,27.3%,27.3%,26.2%,(28.1%),(28.1%),(28.1%),(28.1%),(28.1%),(28.1%),(28.1%),(28.1%),(28.1%),(28.1%),(28.1%),(28.1%),(28.1%),134.7%,,
,,,,,,,,,,,,,,,,,,,,,,,,,,,,,,,,,,,
"5. PROBABLE POTENTIAL INCOME (PPI) Ś Probability-weighted income from Shortlisted, Contract Negotiation & Closed Won deals (30-day payment delay applied)",,,,,,,,,,,,,,,,,,,,,,,,,,,,,,,,,,,
#,Stage,,,,,,,,,,May-26,Jun-26,Jul-26,Aug-26,Sep-26,Oct-26,Nov-26,Dec-26,2026 Total,Jan-27,Feb-27,Mar-27,Apr-27,May-27,Jun-27,Jul-27,Aug-27,Sep-27,Oct-27,Nov-27,Dec-27,2027 Total,Grand Total,,Notes
1,PPI Ś Shortlisted,,,,,,,,,, - ," 45,375 "," 167,475 "," 220,600 "," 220,600 "," 220,600 "," 220,600 "," 220,600 "," 1,315,850 "," 220,600 "," 220,600 "," 220,600 "," 220,600 "," 220,600 "," 220,600 "," 220,600 "," 220,600 "," 220,600 "," 220,600 "," 220,600 "," 220,600 "," 2,647,200 "," 3,963,050 ",,
2,PPI Ś Contract Negotiation,,,,,,,,,, - ," 148,500 "," 328,500 "," 328,500 "," 328,500 "," 328,500 "," 328,500 "," 328,500 "," 2,119,500 "," 328,500 "," 328,500 "," 328,500 "," 328,500 "," 328,500 "," 328,500 "," 328,500 "," 328,500 "," 328,500 "," 328,500 "," 328,500 "," 328,500 "," 3,942,000 "," 6,061,500 ",,
3,PPI Ś Closed Won,,,,,,,,,, - ," 482,217 "," 482,217 "," 482,217 "," 482,217 "," 482,217 "," 482,217 "," 482,217 "," 3,375,517 "," 482,217 "," 482,217 "," 482,217 "," 482,217 "," 482,217 "," 482,217 "," 482,217 "," 482,217 "," 482,217 "," 482,217 "," 482,217 "," 482,217 "," 5,786,600 "," 9,162,117 ",,
,TOTAL PPI,,,,,,,,,, - ," 676,092 "," 978,192 "," 1,031,317 "," 1,031,317 "," 1,031,317 "," 1,031,317 "," 1,031,317 "," 6,810,867 "," 1,031,317 "," 1,031,317 "," 1,031,317 "," 1,031,317 "," 1,031,317 "," 1,031,317 "," 1,031,317 "," 1,031,317 "," 1,031,317 "," 1,031,317 "," 1,031,317 "," 1,031,317 "," 12,375,800 "," 19,186,667 ",,
,,,,,,,,,,,,,,,,,,,,,,,,,,,,,,,,,,,
,,,,,,,,,,,,,,,,,,,,,,,,,,,,,,,,,,,
LEGEND,,,,,,,,,,,,,,,,,,,,,,,,,,,,,,,,,,,
Blue text,? Inputs (you fill these in),,,,,,,,,,,,,,,,,,,,,,,,,,,,,,,,,,
Black text,? Formulas (auto-calculated),,,,,,,,,,,,,,,,,,,,,,,,,,,,,,,,,,
Green text,"? Mirrored from another section (e.g., Cost rows mirror Pipeline customers)",,,,,,,,,,,,,,,,,,,,,,,,,,,,,,,,,,
Yellow fill,? Key assumption / required input,,,,,,,,,,,,,,,,,,,,,,,,,,,,,,,,,,
Grey fill,? Field not applicable in this section,,,,,,,,,,,,,,,,,,,,,,,,,,,,,,,,,,
Light blue fill,? Year subtotal column (2026 Total / 2027 Total),,,,,,,,,,,,,,,,,,,,,,,,,,,,,,,,,,
Orange flag,? Source Expected CY ? ACV/12 distribution (review),,,,,,,,,,,,,,,,,,,,,,,,,,,,,,,,,,
Note:,"Monthly amounts = ACV„12 from Go-Live month onwards, continuing through Dec-27 (assumes contracts continue/renew past 12 months)",,,,,,,,,,,,,,,,,,,,,,,,,,,,,,,,,,
Tip:,"Probability auto-fills from Stage via VLOOKUP. To override for a specific deal, type the value directly over the formula in column E.",,,,,,,,,,,,,,,,,,,,,,,,,,,,,,,,,,
,,,,,,,,,,,,,,,,,,,,,,,,,,,,,,,,,,,
HEADER COLORS,,,,,,,,,,,,,,,,,,,,,,,,,,,,,,,,,,,
Amber,? KEY DRIVER inputs (Go-Live & ACV) Ś these drive the monthly revenue calc,,,,,,,,,,,,,,,,,,,,,,,,,,,,,,,,,,
Yellow,"? Editable inputs (Customer, Owner, Stage, Location, Pallets, etc.)",,,,,,,,,,,,,,,,,,,,,,,,,,,,,,,,,,
STAGE ? PROBABILITY MAPPING (edit % values to change defaults across the whole report),,,,,,,,,,,,,,,,,,,,,,,,,,,,,,,,,,,
,Stage,Default Probability,,,,,,,,,,,,,,,,,,,,,,,,,,,,,,,,,
,Closed Lost,-,,,,,,,,,,,,,,,,,,,,,,,,,,,,,,,,,
,Prospecting,20.0%,,,,,,,,,,,,,,,,,,,,,,,,,,,,,,,,,
,Qualified,40.0%,,,,,,,,,,,,,,,,,,,,,,,,,,,,,,,,,
,Proposal Sent,60.0%,,,,,,,,,,,,,,,,,,,,,,,,,,,,,,,,,
,Shortlisted,75.0%,,,,,,,,,,,,,,,,,,,,,,,,,,,,,,,,,
,Contract Negotiation,90.0%,,,,,,,,,,,,,,,,,,,,,,,,,,,,,,,,,
,Closed Won,100.0%,,,,,,,,,,,,,,,,,,,,,,,,,,,,,,,,,
