,,P03,Hala Supply Chain Services Co. Ltd,,,,,,,,,,,,,,,,,,,,,,,,,,,,,,,,,,,,,,,,,,,,
,,,Manament Accounts YTD P03 2026,,,,,,,,,,,,,,,,,,,,,,,,,,,,,,,,,,,,,,,,,,,,
,,,Profit and Loss, ,YTD P03 2026 Actual,,,,,,,,,,,,,,2026 Budget,,,,,,,,,,,,,,Prior Year 2025,,,,,,,,,,,,,,
Codes,Legacy,,Description, ,P1 Act,P2 Act,P3 Act,P4 Act,P5 Act,P6 Act,P7 Act,P8 Act,P9 Act,P10 Act,P11 Act,P12 Act,Total,,P1 Bud,P2 Bud,P3 Bud,P4 Bud,P5 Bud,P6 Bud,P7 Bud,P8 Bud,P9 Bud,P10 Bud,P11 Bud,P12 Bud,Total,,P1 Act,P2 Act,P3 Act,P4 Act,P5 Act,P6 Act,P7 Act,P8 Act,P9 Act,P10 Act,P11 Act,P12 Act,"Total
FINAL",,
,,,, ,,,,,,,,,,,,,,,,,,,,,,,,,,,,,,,,,,,,,,,,,,,
401120,30001120,,Net Revenue - Warehousing, ,"8,115,849","7,432,398","7,272,375",0,0,0,0,0,0,0,0,0,"22,820,622",,"7,804,324","7,991,024","8,136,274","8,557,831","8,554,331","8,719,831","9,239,831","9,133,831","9,193,421","9,466,824","9,544,824","9,634,824","23,931,623",,"9,364,270","8,689,155","9,094,383","8,471,039","8,210,998","7,339,041","7,190,251","8,103,030","8,432,174","8,290,425","8,434,870","8,242,874","99,862,511",,
,,,WH Revenue Growth%,,-13.3%,-14.5%,-20.0%,-100.0%,-100.0%,-100.0%,-100.0%,-100.0%,-100.0%,-100.0%,-100.0%,-100.0%,-15.9%,,-16.7%,-8.0%,-10.5%,1.0%,4.2%,18.8%,28.5%,12.7%,9.0%,14.2%,13.2%,16.9%,-11.8%,,20.6%,30.1%,28.2%,15.5%,-27.3%,-2.2%,-10.0%,-16.5%,-2.1%,-4.3%,2.8%,10.4%,1.6%,,
,,,Existing Business, ,"8,009,134","7,324,389","7,160,659",,,,,,,,,,"22,494,183",,"7,804,324","7,991,024","8,136,274","8,557,831","8,554,331","8,719,831","9,239,831","9,133,831","9,193,421","9,466,824","9,544,824","9,634,824","23,931,623",,"8,153,315","8,003,441","8,312,700","7,672,805","7,193,032","6,411,047","6,130,397","6,472,211","7,003,891","6,655,956","6,545,772","6,613,086","85,167,655",,
,,,New Business, ,"106,715","108,009","111,716",,,,,,,,,,"326,440",,,,,,,,,,,,,,0,,"1,210,954","685,714","781,683","798,234","1,017,966","927,994","1,059,854","1,630,819","1,428,283","1,634,469","1,889,098","1,629,788","14,694,856",,
401110,30001110,,Revenue - Transportation, ,"380,946","263,170","310,382",0,0,0,0,0,0,0,0,0,"954,498",,"444,000","444,000","494,000","539,000","539,000","564,000","794,000","794,000","794,000","914,000","934,000","934,000","1,382,000",,"945,600","760,708","996,520","824,860","472,034","468,226","448,029","340,578","375,259","485,117","248,609","385,293","6,750,832",,
,,,TPT Revenue Growth%,,-59.7%,-65.4%,-68.9%,-100.0%,-100.0%,-100.0%,-100.0%,-100.0%,-100.0%,-100.0%,-100.0%,-100.0%,-64.7%,,-53.0%,-41.6%,-50.4%,-34.7%,14.2%,20.5%,77.2%,133.1%,111.6%,88.4%,275.7%,142.4%,-48.9%,,-24.2%,-39.7%,-11.6%,-29.4%,-63.5%,-59.7%,-63.5%,-78.2%,-63.2%,-68.9%,-79.3%,-71.2%,-55.5%,,
,,,Existing Business, ,"380,946","263,170","310,382",,,,,,,,,,"954,498",,"444,000","444,000","494,000","539,000","539,000","564,000","794,000","794,000","794,000","914,000","934,000","934,000","1,382,000",,"927,060","735,708","967,200","704,640","398,998","418,062","423,279","87,911","124,660","230,729","104,790","173,792","5,296,829",,
,,,New Business, ,,,,,,,,,,,,,0,,,,,,,,,,,,,,0,,"18,540","25,000","29,320","120,220","73,036","50,164","24,750","252,667","250,599","254,388","143,819","211,501","1,454,004",,
,,,Total Net Revenue, ,"8,496,796","7,695,568","7,582,758",0,0,0,0,0,0,0,0,0,"23,775,121",,"8,248,324","8,435,024","8,630,274","9,096,831","9,093,331","9,283,831","10,033,831","9,927,831","9,987,421","10,380,824","10,478,824","10,568,824","25,313,623",,"10,309,869","9,449,863","10,090,903","9,295,900","8,683,032","7,807,267","7,638,281","8,443,608","8,807,433","8,775,542","8,683,479","8,628,167","106,613,343",,
,,,Net Revenue Growth%,,3.0%,-8.8%,-12.1%,-100.0%,-100.0%,-100.0%,-100.0%,-100.0%,-100.0%,-100.0%,-100.0%,-100.0%,-6.1%,,-20.0%,-10.7%,-14.5%,-2.1%,4.7%,18.9%,31.4%,17.6%,13.4%,18.3%,20.7%,22.5%,-76.3%,,14.4%,19.0%,22.7%,9.3%,-31.1%,-9.9%,-17.2%,-25.0%,-8.5%,-14.2%,-7.7%,-2.0%,-6.1%,,
500210,51002840,,COR - Warehouse Rent WH, ,"(2,865,994)","(2,865,994)","(2,865,994)",,,,,,,,,,"(8,597,983)",,"(2,992,278)","(2,992,278)","(2,992,278)","(3,006,528)","(3,006,528)","(3,006,528)","(3,006,528)","(3,006,528)","(3,006,528)","(3,035,028)","(3,035,028)","(3,035,028)","(8,976,833)",,"(2,365,558)","(2,597,849)","(2,691,053)","(2,497,358)","(2,497,358)","(2,497,358)","(2,357,034)","(2,357,216)","(2,413,085)","(2,402,252)","(2,402,252)","(2,082,798)","(29,161,172)",,
500220,40000120,,COR - Outsourced Labour WH, ,"(36,016)","(34,129)","(30,408)",,,,,,,,,,"(100,553)",,"(28,458)","(28,458)","(28,458)","(28,458)","(28,458)","(28,458)","(28,458)","(28,458)","(28,458)","(28,458)","(28,458)","(28,458)","(85,374)",,"(15,447)","(15,453)",(403),,,"(33,488)","(71,008)","(37,936)","(22,208)","(28,988)","(19,896)","(31,377)","(276,204)",,
500230,40000120,,COR - Temporary Warehouse WH, ,"(51,768)","(42,225)","(34,940)",,,,,,,,,,"(128,933)",,"(2,000)","(2,000)","(2,000)","(2,000)","(2,000)","(2,000)","(2,000)","(2,000)","(2,000)","(2,000)","(2,000)","(2,000)","(6,000)",,"(435,294)","(371,338)","(462,632)","(435,328)","(468,502)","(468,586)","(460,481)","(383,389)","(187,404)","(59,367)","(43,339)","(41,493)","(3,817,152)",,
500240,40000120,,COR - Maintenance WH, ,"(145,483)","104,809","(18,737)",,,,,,,,,,"(59,411)",,"(41,500)","(41,500)","(41,500)","(41,500)","(41,500)","(41,500)","(37,000)","(37,000)","(37,000)","(37,000)","(37,000)","(37,000)","(124,500)",,,,"(26,000)","(63,800)","(57,800)","(56,850)","(19,050)","(70,442)","(98,799)","(126,762)","(41,387)","(18,587)","(579,477)",,
500250,40000120,,COR - Security Guards WH, ,"(78,000)","(78,000)","(78,000)",,,,,,,,,,"(234,000)",,"(66,750)","(66,750)","(66,750)","(66,750)","(66,750)","(66,750)","(66,750)","(66,750)","(66,750)","(66,750)","(66,750)","(66,750)","(200,250)",,"(125,500)","(105,457)","(66,714)","(74,000)","(74,000)","(62,000)","(62,000)","(61,600)","(62,000)","(62,000)","(74,000)","(78,000)","(907,271)",,
,,,COR - Insurance PAR WH,,"(12,099)","(12,099)","(12,099)",,,,,,,,,,"(36,297)",,"(11,593)","(11,593)","(11,593)","(11,593)","(11,593)","(11,593)","(11,593)","(11,593)","(11,593)","(11,593)","(11,593)","(11,593)","(34,779)",,"(15,433)","(55,433)","(15,433)","(15,433)","(15,433)","(15,433)","(10,585)","(10,585)","(10,585)","(12,099)","(12,099)","120,761","(67,791)",,
500260,40000120,,COR - Project Cost WH, ,"(72,813)","(72,813)","(72,813)",,,,,,,,,,"(218,438)",,"(72,813)","(72,813)","(87,813)","(72,813)","(72,813)","(87,813)","(72,813)","(72,813)","(87,813)","(72,813)","(72,813)","(72,813)","(233,438)",,,,,,,,"(149,188)","(65,313)","(71,313)","(97,813)","(88,713)","(282,937)","(755,275)",,
500270,40000120,,COR - Other Direct Cost WH, ,"(75,935)","(76,150)","(76,150)",,,,,,,,,,"(228,235)",,"(76,083)","(76,083)","(76,083)","(76,083)","(76,083)","(76,083)","(70,083)","(70,083)","(70,083)","(70,083)","(70,083)","(70,083)","(228,250)",,"(600,576)","(71,423)","(172,000)","(442,443)","(274,000)","(82,711)","(74,000)","(604,895)","(116,562)","(136,490)","(101,077)","(196,568)","(2,872,745)",,
500280,51002820,,COR - Accommodation rent WH, ,"(78,199)","(75,199)","(76,867)",,,,,,,,,,"(230,264)",,"(114,622)","(114,622)","(114,622)","(114,622)","(114,622)","(114,622)","(108,222)","(108,222)","(108,222)","(108,222)","(108,222)","(108,222)","(343,865)",,"(88,157)","(72,946)","(74,544)","(79,336)","(84,510)","(83,752)","(70,486)","(93,586)","(75,761)","(78,761)","(100,361)","(85,828)","(988,027)",,
,,,Cost of Revenue - WH, ,"(3,416,307)","(3,151,800)","(3,266,008)",0,0,0,0,0,0,0,0,0,"(9,834,114)",,"(3,406,096)","(3,406,096)","(3,421,096)","(3,420,346)","(3,420,346)","(3,435,346)","(3,403,446)","(3,403,446)","(3,418,446)","(3,431,946)","(3,431,946)","(3,431,946)","(10,233,288)",,"(3,645,964)","(3,289,899)","(3,508,780)","(3,607,698)","(3,471,604)","(3,300,178)","(3,273,831)","(3,684,961)","(3,057,717)","(3,004,532)","(2,883,124)","(2,696,826)","(39,425,114)",,
500110,40000120,,COR - 4PL Transporters TPT, ,"(202,470)","(177,230)","(200,460)",,,,,,,,,,"(580,160)",,"(328,560)","(328,560)","(365,560)","(398,860)","(398,860)","(417,360)","(587,560)","(587,560)","(587,560)","(676,360)","(691,160)","(691,160)","(1,022,680)",,"(140,000)","69,479","(147,618)","(111,243)","(103,711)","(56,200)","(248,377)","(156,546)","(307,202)","(214,680)","(177,345)","(188,311)","(1,781,753)",,
500120,40000120,,COR - Fleet Lease Rental TPT, ,,,,,,,,,,,,,0,,,,,,,,,,,,,,0,,"(122,000)","(122,000)","(122,000)","(122,000)","(122,000)","(122,000)","(122,000)","(122,000)","(122,000)","(122,000)","(81,333)",,"(1,301,333)",,
500130,40000120,,COR - Outsourced Labour TPT, ,,,,,,,,,,,,,0,,,,,,,,,,,,,,0,,"(9,501)",,,,,,,,,,,,"(9,501)",,
500140,40000120,,COR - Maintenance TPT, ,,,,,,,,,,,,,0,,,,,,,,,,,,,,0,,,,,,,,,,,,,,0,,
500150,40000120,,COR - Insurance GIT TPT, ,,,,,,,,,,,,,0,,,,,,,,,,,,,,0,,,,,,,,,,,,,,0,,
500160,40000120,,COR - Other Direct Cost TPT, ,"(24,902)",,,,,,,,,,,,"(24,902)",,,,,,,,,,,,,,0,,,,,,,,,"(96,644)",,"(52,745)",,"(29,002)","(178,391)",,
500170,51002820,,COR - Accommodation rent TPT, ,"(6,609)","(6,609)","(3,395)",,,,,,,,,,"(16,614)",,"(2,500)","(2,500)","(2,500)","(2,500)","(2,500)","(2,500)","(2,500)","(2,500)","(2,500)","(2,500)","(2,500)","(2,500)","(7,500)",,"(19,877)","(19,877)","(22,647)","(22,647)","(22,647)","(16,858)","(16,858)","(16,858)","(14,111)","(14,111)","(14,111)","(7,472)","(208,073)",,
,,,Cost of Revenue - TPT, ,"(233,982)","(183,839)","(203,855)",0,0,0,0,0,0,0,0,0,"(621,676)",,"(331,060)","(331,060)","(368,060)","(401,360)","(401,360)","(419,860)","(590,060)","(590,060)","(590,060)","(678,860)","(693,660)","(693,660)","(1,030,180)",,"(291,379)","(72,398)","(292,264)","(255,889)","(248,358)","(195,058)","(387,235)","(392,048)","(443,314)","(403,536)","(272,790)","(224,784)","(3,479,051)",,
500310,51002840,,COR - Warehouse Rent RS, ,,,,,,,,,,,,,0,,,,,,,,,,,,,,0,,,,,,,,,,,,,,0,,
500320,40000120,,Net Tejoury revenue - cost, ,,,,,,,,,,,,,0,,,,,,,,,,,,,,0,,,,,,,,,,,,,,0,,
500330,40000120,,COR - Transport RS, ,,,,,,,,,,,,,0,,,,,,,,,,,,,,0,,,,,,,,,,,,,,0,,
500340,40000120,,COR - Maintenance RS, ,,,,,,,,,,,,,0,,,,,,,,,,,,,,0,,,,,,,,,,,,,,0,,
500350,40000120,,COR - Security Guards RS, ,,,,,,,,,,,,,0,,,,,,,,,,,,,,0,,,,,,,,,,,,,,0,,
500360,40000120,,COR - Other Direct Cost RS, ,,,,,,,,,,,,,0,,,,,,,,,,,,,,0,,,,,,,,,,,,,,0,,
500370,51002820,,COR - Accommodation rent RS, ,,,,,,,,,,,,,0,,,,,,,,,,,,,,0,,,,,,,,,,,,,,0,,
,,,Cost of Revenue - RS, ,0,0,0,0,0,0,0,0,0,0,0,0,0,,0,0,0,0,0,0,0,0,0,0,0,0,0,,0,0,0,0,0,0,0,0,0,0,0,0,0,,
,,,Cost of Revenue - Total WH & TPT, ,"(3,650,289)","(3,335,639)","(3,469,863)",0,0,0,0,0,0,0,0,0,"(10,455,790)",,"(3,737,156)","(3,737,156)","(3,789,156)","(3,821,706)","(3,821,706)","(3,855,206)","(3,993,506)","(3,993,506)","(4,008,506)","(4,110,806)","(4,125,606)","(4,125,606)","(11,263,468)",,"(3,937,343)","(3,362,297)","(3,801,044)","(3,863,587)","(3,719,961)","(3,495,236)","(3,661,066)","(4,077,009)","(3,501,030)","(3,408,069)","(3,155,913)","(2,921,610)","(42,904,166)",,
510110,51001110,,Basic Salary WH, ,"(828,900)","(777,968)","(755,768)",,,,,,,,,,"(2,362,636)",,"(808,968)","(808,968)","(808,968)","(808,968)","(808,968)","(808,968)","(808,968)","(808,968)","(808,968)","(808,968)","(808,968)","(808,968)","(2,426,903)",,"(810,079)","(822,325)","(843,313)","(826,302)","(762,319)","(770,715)","(804,218)","(800,555)","(794,401)","(789,423)","(858,099)","(768,529)","(9,650,278)",,
510120,51001150,,Housing Allowance WH, ,"(88,931)","(87,365)","(86,451)",,,,,,,,,,"(262,747)",,"(93,202)","(93,202)","(93,202)","(93,202)","(93,202)","(93,202)","(93,202)","(93,202)","(93,202)","(93,202)","(93,202)","(93,202)","(279,606)",,"(105,269)","(107,367)","(108,131)","(107,379)","(101,748)","(101,588)","(106,824)","(99,618)","(99,844)","(99,271)","(98,216)","(90,064)","(1,225,320)",,
510130,51001140,,Transport Allowance WH, ,"(36,672)","(36,646)","(35,193)",,,,,,,,,,"(108,511)",,"(38,941)","(38,941)","(38,941)","(38,941)","(38,941)","(38,941)","(38,941)","(38,941)","(38,941)","(38,941)","(38,941)","(38,941)","(116,823)",,"(43,730)","(46,500)","(46,939)","(45,447)","(43,185)","(43,501)","(45,334)","(43,049)","(42,430)","(42,200)","(41,779)","(37,398)","(521,492)",,
510140,51001130,,Food Allowance WH, ,"(75,200)","(73,600)","(69,600)",,,,,,,,,,"(218,400)",,"(83,100)","(83,100)","(83,100)","(83,100)","(83,100)","(83,100)","(83,100)","(83,100)","(83,100)","(83,100)","(83,100)","(83,100)","(249,300)",,"(58,598)","(58,811)","(58,800)","(55,703)","(70,352)","(70,898)","(74,000)","(79,733)","(79,600)","(79,976)","(74,800)","(72,826)","(834,097)",,
510150,51001120,,Overtime WH, ,"(134,838)","(92,255)","(101,971)",,,,,,,,,,"(329,064)",,"(140,639)","(140,639)","(240,639)","(140,639)","(140,639)","(140,639)","(140,639)","(140,639)","(140,639)","(140,639)","(140,639)","(140,639)","(521,917)",,"(202,362)","(176,066)","(166,400)","(246,630)","(244,254)","(238,375)","(229,097)","(198,016)","(139,635)","(170,630)","(108,587)","(180,165)","(2,300,217)",,
510160,51001160,,Vacation tickets WH, ,"(51,393)","(50,926)","(51,634)",,,,,,,,,,"(153,953)",,"(58,606)","(58,606)","(58,606)","(58,606)","(58,606)","(58,606)","(58,606)","(58,606)","(58,606)","(58,606)","(58,606)","(58,606)","(175,819)",,"(57,916)","(70,551)","(58,324)","(57,958)","(58,508)","(58,468)","(58,234)","(61,868)","(56,418)","(55,151)","(53,568)","(2,294)","(649,257)",,
510170,51001170,,Vacation Pay WH, ,"(71,576)","(71,657)","(72,758)",,,,,,,,,,"(215,990)",,"(83,501)","(83,501)","(83,501)","(83,501)","(83,501)","(83,501)","(83,501)","(83,501)","(83,501)","(83,501)","(83,501)","(83,501)","(250,503)",,"(79,705)","(93,010)","(79,933)","(80,300)","(81,048)","(81,190)","(81,772)","(79,341)","(78,872)","(76,872)","(76,722)","52,429","(836,336)",,
510180,51001180,,GOSI - Social Insurance WH, ,"(31,964)","(32,442)","(34,170)",,,,,,,,,,"(98,576)",,"(36,010)","(36,010)","(36,010)","(36,010)","(36,010)","(36,010)","(36,010)","(36,010)","(36,010)","(36,010)","(36,010)","(36,010)","(108,029)",,"(41,109)","(19,140)","(59,608)","(37,976)","(38,356)","(38,641)","(39,062)","(37,930)","(38,428)","(37,967)","(32,905)","(83,737)","(504,859)",,
510190,51001190,,Medical expenses WH, ,"(73,119)","(71,755)","(72,212)",,,,,,,,,,"(217,086)",,"(65,041)","(65,041)","(65,041)","(65,041)","(65,041)","(65,041)","(65,041)","(65,041)","(65,041)","(65,041)","(65,041)","(65,041)","(195,123)",,"(87,843)","(87,898)","(90,007)","(83,066)","(83,572)","(84,375)","(77,045)","(79,454)","(77,929)","(75,174)","(76,563)","(78,335)","(981,262)",,
510200,51001200,,Bonus & incentives WH, ,,,,,,,,,,,,,0,,0,0,0,0,0,0,0,0,0,0,0,0,0,,,,(250),,,,"(7,000)",,,,,,"(7,250)",,
510210,51001210,,Recruitment expenses WH, ,"(15,204)",,,,,,,,,,,,"(15,204)",,0,0,0,0,0,0,0,0,0,0,0,0,0,,,,,,,,,"(42,120)",,,,,"(42,120)",,
510220,51001220,,Employees Terminal Benefits WH, ,"(133,323)","(68,882)","(80,262)",,,,,,,,,,"(282,467)",,"(58,521)","(58,521)","(58,521)","(58,521)","(58,521)","(58,521)","(58,521)","(58,521)","(58,521)","(58,521)","(58,521)","(58,521)","(175,564)",,"(60,924)","(70,883)","(117,657)","(73,577)","(111,359)","(66,974)","(71,516)","(82,221)","(68,298)","(75,401)","(70,805)","3,081","(866,534)",,
510230,51001230,,Schooling Fee WH, ,"(7,354)","(7,354)","(7,354)",,,,,,,,,,"(22,063)",,0,0,0,0,0,0,0,0,0,0,0,0,0,,"(8,252)","(4,367)","(8,252)","(8,252)","(8,252)","(8,252)","(8,252)","(6,733)","(5,050)","(1,600)","(6,775)","(6,775)","(80,810)",,
510240,51001240,,Other - Personnel expenses WH, ,(600),(600),"(2,600)",,,,,,,,,,"(3,800)",,"(24,025)","(24,025)","(24,025)","(24,025)","(24,025)","(24,025)","(24,025)","(24,025)","(24,025)","(24,025)","(24,025)","(24,025)","(72,075)",,"(1,250)","(1,550)","(1,250)","(1,350)","(3,467)","(3,200)","(4,900)",(600),"(1,774)",(600),(600),(600),"(21,141)",,
510250,,,Kilometer Allowance WH, ,"(9,068)","(33,818)","(6,438)",,,,,,,,,,"(49,324)",,0,0,0,0,0,0,0,0,0,0,0,0,0,,,,"(11,472)",,"(3,487)",,"(12,742)","(3,808)","(4,883)","(4,030)","(9,074)","(1,575)","(51,071)",,
510260,51001260,,Govt fees (Iqama & Visa) WH, ,"(199,450)","(204,785)","(201,175)",,,,,,,,,,"(605,410)",,"(219,183)","(219,183)","(219,183)","(219,183)","(219,183)","(219,183)","(219,183)","(219,183)","(219,183)","(219,183)","(219,183)","(219,183)","(657,550)",,"(220,875)","(224,075)","(220,213)","(222,163)","(218,550)","(217,550)","(218,785)","(214,883)","(214,673)","(221,123)","(204,410)","(205,568)","(2,602,865)",,
510270,51001270,,Salary Deduct for Vacation WH, ,"16,446","8,169","19,627",,,,,,,,,,"44,242",,"3,469","3,469","3,469","16,764","16,764","16,764","138,347","149,641","149,641","149,641","149,641","149,641","10,406",,"20,673","11,616","10,780","12,955","16,423","12,923","19,475","7,219","17,263","24,816","2,156","15,073","171,372",,
,,,Personnel Cost - WH, ,"(1,741,146)","(1,601,884)","(1,557,959)",0,0,0,0,0,0,0,0,0,"(4,900,989)",,"(1,706,268)","(1,706,268)","(1,806,268)","(1,692,973)","(1,692,973)","(1,692,973)","(1,571,391)","(1,560,096)","(1,560,096)","(1,560,096)","(1,560,096)","(1,560,096)","(5,218,805)",,"(1,757,239)","(1,770,928)","(1,859,769)","(1,833,146)","(1,812,034)","(1,770,803)","(1,819,307)","(1,822,710)","(1,684,971)","(1,704,601)","(1,710,746)","(1,457,283)","(21,003,536)",,
510110,51001110,,Basic Salary TPT, ,"(22,754)","(39,093)","(39,093)",,,,,,,,,,"(100,940)",,"(30,946)","(30,946)","(30,946)","(30,946)","(30,946)","(30,946)","(30,946)","(30,946)","(30,946)","(30,946)","(30,946)","(30,946)","(92,838)",,"(108,361)","(98,335)","(122,803)","(91,148)","(94,441)","(86,448)","(84,771)","(76,052)","(75,038)","(66,513)","(71,713)","(59,222)","(1,034,845)",,
510120,51001150,,Housing Allowance TPT, ,"(1,500)","(4,278)","(4,278)",,,,,,,,,,"(10,056)",,"(4,278)","(4,278)","(4,278)","(4,278)","(4,278)","(4,278)","(4,278)","(4,278)","(4,278)","(4,278)","(4,278)","(4,278)","(12,833)",,"(8,218)","(5,829)","(6,884)","(5,829)","(5,829)","(5,829)","(5,829)","(7,051)","(8,701)","(8,701)","(8,701)","(7,410)","(84,811)",,
510130,51001140,,Transport Allowance TPT, ,(600),"(1,711)","(1,711)",,,,,,,,,,"(4,022)",,"(1,711)","(1,711)","(1,711)","(1,711)","(1,711)","(1,711)","(1,711)","(1,711)","(1,711)","(1,711)","(1,711)","(1,711)","(5,133)",,"(3,316)","(2,360)","(2,782)","(2,360)","(2,360)","(2,360)","(2,360)","(2,849)","(3,839)","(3,839)","(3,839)","(3,293)","(35,557)",,
510140,51001130,,Food Allowance TPT, ,"(2,900)","(3,700)","(3,700)",,,,,,,,,,"(10,300)",,"(2,400)","(2,400)","(2,400)","(2,400)","(2,400)","(2,400)","(2,400)","(2,400)","(2,400)","(2,400)","(2,400)","(2,400)","(7,200)",,"(9,800)","(9,900)","(9,700)","(9,665)","(14,200)","(13,042)","(12,435)","(9,200)","(6,557)","(5,700)","(6,100)","(5,700)","(111,999)",,
510150,51001120,,Overtime TPT, ,"(7,658)","(10,512)","(5,594)",,,,,,,,,,"(23,764)",,0,0,0,0,0,0,0,0,0,0,0,0,0,,"(46,597)","(49,277)","(37,310)","(35,008)","(33,520)","(16,185)","(14,936)",(468),"(10,390)","(3,314)","(6,639)","(4,577)","(258,221)",,
510160,51001160,,Vacation tickets TPT, ,"(2,108)","(2,108)","(2,733)",,,,,,,,,,"(6,950)",,"(1,483)","(1,483)","(1,483)","(1,483)","(1,483)","(1,483)","(1,483)","(1,483)","(1,483)","(1,483)","(1,483)","(1,483)","(4,450)",,"(11,875)","(14,142)","(10,533)","(10,067)","(9,333)","(9,333)","(6,842)","(6,608)","(4,508)","(4,508)","(4,367)","53,694","(38,422)",,
510170,51001170,,Vacation Pay TPT, ,"(3,950)","(3,950)","(5,103)",,,,,,,,,,"(13,003)",,"(3,278)","(3,278)","(3,278)","(3,278)","(3,278)","(3,278)","(3,278)","(3,278)","(3,278)","(3,278)","(3,278)","(3,278)","(9,834)",,"(10,372)","(10,174)","(9,297)","(9,099)","(8,993)","(8,993)","(7,634)","(8,106)","(7,002)","(7,102)","(6,769)",879,"(92,663)",,
510180,51001180,,GOSI - Social Insurance TPT, ,"(1,562)","(1,600)","(9,130)",,,,,,,,,,"(12,292)",,"(1,454)","(1,454)","(1,454)","(1,454)","(1,454)","(1,454)","(1,454)","(1,454)","(1,454)","(1,454)","(1,454)","(1,454)","(4,363)",,"(3,033)","(2,192)","(3,654)","(2,877)","(2,774)","(2,774)","(2,416)","(2,508)","(2,298)","(2,298)","(2,224)","(5,076)","(34,124)",,
510190,51001190,,Medical expenses TPT, ,"(4,149)","(3,970)","(5,230)",,,,,,,,,,"(13,348)",,"(2,052)","(2,052)","(2,052)","(2,052)","(2,052)","(2,052)","(2,052)","(2,052)","(2,052)","(2,052)","(2,052)","(2,052)","(6,156)",,"(12,897)","(6,625)","(6,457)","(6,296)","(6,114)","(6,114)","(5,870)","(5,667)","(5,124)","(5,155)","(4,713)","(4,604)","(75,636)",,
510200,51001200,,Bonus & incentives TPT, ,,,,,,,,,,,,,0,,,,,,,,,,,,,,0,,,"(10,056)",,,,,,,,,,,"(10,056)",,
510210,51001210,,Recruitment expenses TPT, ,,,,,,,,,,,,,0,,,,,,,,,,,,,,0,,,,,,,,,,,,,,0,,
510220,51001220,,Employees Terminal Benefits TPT, ,"(3,606)","(3,254)","(4,388)",,,,,,,,,,"(11,248)",,"(2,845)","(2,845)","(2,845)","(2,845)","(2,845)","(2,845)","(2,845)","(2,845)","(2,845)","(2,845)","(2,845)","(2,845)","(8,534)",,"(8,781)","(7,244)","(7,918)","(7,549)","(23,442)","(7,434)","(6,572)","(60,102)","(5,510)","(17,335)","(5,445)","30,680","(126,652)",,
510230,51001230,,Schooling Fee TPT, ,,,,,,,,,,,,,0,,0,0,0,0,0,0,0,0,0,0,0,0,0,,"(3,367)",,,,,,,,,,,,"(3,367)",,
510240,51001240,,Other - Personnel expenses TPT, ,,,,,,,,,,,,,0,,(367),(367),(367),(367),(367),(367),(367),(367),(367),(367),(367),(367),"(1,100)",,,,"(1,267)","(3,091)",,,,,,,,,"(4,358)",,
510250,,,Kilometer Allowance TPT, ,,"(3,625)",,,,,,,,,,,"(3,625)",,,,,,,,,,,,,,0,,,,(464),,(698),,(141),,"(1,105)",,(193),"(4,839)","(7,440)",,
510260,51001260,,Govt fees (Iqama & Visa) TPT, ,"(8,625)","(9,625)","(11,762)",,,,,,,,,,"(30,012)",,"(6,067)","(6,067)","(6,067)","(6,067)","(6,067)","(6,067)","(6,067)","(6,067)","(6,067)","(6,067)","(6,067)","(6,067)","(18,200)",,"(44,388)","(44,125)","(43,125)","(41,400)","(38,350)","(37,950)","(28,768)","(27,390)","(18,313)","(18,713)","(17,250)","(16,988)","(376,758)",,
510270,51001270,,Salary Deductions for Vacation TPT, ,,"1,757",,,,,,,,,,,"1,757",,,,,,,,,,,,,,0,,913,"1,350",,,"2,309",,,"1,733",,,"1,055",,"7,360",,
,,,Personnel Cost - TPT, ,"(59,412)","(85,669)","(92,721)",0,0,0,0,0,0,0,0,0,"(237,803)",,"(56,881)","(56,881)","(56,881)","(56,881)","(56,881)","(56,881)","(56,881)","(56,881)","(56,881)","(56,881)","(56,881)","(56,881)","(170,642)",,"(270,091)","(258,909)","(262,194)","(224,389)","(237,745)","(196,462)","(178,573)","(204,268)","(148,385)","(143,178)","(136,897)","(26,456)","(2,287,549)",,
510110,51001110,,Basic Salary RS, ,,,,,,,,,,,,,0,,,,,,,,,,,,,,0,,,,,,,,,,,,,,0,,
510120,51001150,,Housing Allowance RS, ,,,,,,,,,,,,,0,,,,,,,,,,,,,,0,,,,,,,,,,,,,,0,,
510130,51001140,,Transport Allowance RS, ,,,,,,,,,,,,,0,,,,,,,,,,,,,,0,,,,,,,,,,,,,,0,,
510140,51001130,,Food Allowance RS, ,,,,,,,,,,,,,0,,,,,,,,,,,,,,0,,,,,,,,,,,,,,0,,
510150,51001120,,Overtime RS, ,,,,,,,,,,,,,0,,,,,,,,,,,,,,0,,,,,,,,,,,,,,0,,
510160,51001160,,Vacation tickets RS, ,,,,,,,,,,,,,0,,,,,,,,,,,,,,0,,,,,,,,,,,,,,0,,
510170,51001170,,Vacation Pay RS, ,,,,,,,,,,,,,0,,,,,,,,,,,,,,0,,,,,,,,,,,,,,0,,
510180,51001180,,GOSI - Social Insurance RS, ,,,,,,,,,,,,,0,,,,,,,,,,,,,,0,,,,,,,,,,,,,,0,,
510190,51001190,,Medical expenses RS, ,,,,,,,,,,,,,0,,,,,,,,,,,,,,0,,,,,,,,,,,,,,0,,
510200,51001200,,Bonus & incentives & RS, ,,,,,,,,,,,,,0,,,,,,,,,,,,,,0,,,,,,,,,,,,,,0,,
510210,51001210,,Recruitment expenses RS, ,,,,,,,,,,,,,0,,,,,,,,,,,,,,0,,,,,,,,,,,,,,0,,
510220,51001220,,Employees Terminal Benefits RS, ,,,,,,,,,,,,,0,,,,,,,,,,,,,,0,,,,,,,,,,,,,,0,,
510230,51001230,,Schooling Fee RS, ,,,,,,,,,,,,,0,,,,,,,,,,,,,,0,,,,,,,,,,,,,,0,,
510240,51001240,,Other - Personnel expenses RS, ,,,,,,,,,,,,,0,,,,,,,,,,,,,,0,,,,,,,,,,,,,,0,,
510250,,,Kilometer Allowance RS, ,,,,,,,,,,,,,0,,,,,,,,,,,,,,0,,,,,,,,,,,,,,0,,
510260,51001260,,Govt fees (Iqama & Visa) RS, ,,,,,,,,,,,,,0,,,,,,,,,,,,,,0,,,,,,,,,,,,,,0,,
510270,51001270,,Salary Deductions for Vacation RS, ,,,,,,,,,,,,,0,,,,,,,,,,,,,,0,,,,,,,,,,,,,,0,,
,,,Personnel Cost - RS, ,0,0,0,0,0,0,0,0,0,0,0,0,0,,0,0,0,0,0,0,0,0,0,0,0,0,0,,0,0,0,0,0,0,0,0,0,0,0,0,0,,
,,,Personnel Cost - Total WH & TPT, ,"(1,800,558)","(1,687,553)","(1,650,680)",0,0,0,0,0,0,0,0,0,"(5,138,792)",,"(1,763,149)","(1,763,149)","(1,863,149)","(1,749,853)","(1,749,853)","(1,749,853)","(1,628,271)","(1,616,977)","(1,616,977)","(1,616,977)","(1,616,977)","(1,616,977)","(5,389,447)",,"(2,027,329)","(2,029,837)","(2,121,963)","(2,057,535)","(2,049,779)","(1,967,266)","(1,997,880)","(2,026,978)","(1,833,356)","(1,847,779)","(1,847,644)","(1,483,740)","(23,291,085)",,
520110,51002110,,Printing & stationery WH, ,"(40,883)","(26,123)","(31,134)",,,,,,,,,,"(98,139)",,"(40,402)","(40,402)","(40,402)","(40,402)","(40,402)","(40,402)","(40,402)","(40,402)","(40,402)","(40,402)","(40,402)","(40,402)","(121,205)",,"(25,693)","(49,232)","(50,828)","(27,580)","(19,178)","(13,166)","(34,795)","(59,074)","(46,320)","(3,207)","(16,203)","(16,510)","(361,786)",,
520120,51002120,,Postage & courier WH, ,(29),,,,,,,,,,,,(29),,(513),(513),(513),(513),(513),(513),(513),(513),(513),(513),(513),(513),"(1,540)",,(120),(110),(825),(605),(250),(891),"(1,030)",(248),(124),(124),(124),(495),"(4,945)",,
520130,51002140,,Uniform WH, ,"(9,675)",,,,,,,,,,,,"(9,675)",,"(14,040)","(14,040)","(14,040)","(14,040)","(14,040)","(14,040)","(14,040)","(14,040)","(14,040)","(14,040)","(14,040)","(14,040)","(42,120)",,,,"(22,903)","(5,038)",,(215),"(33,533)","(36,864)","(1,219)","(1,412)","(2,160)","(5,211)","(108,554)",,
520140,51002150,,Kitchen supplies WH, ,"(7,640)","(4,611)","(12,390)",,,,,,,,,,"(24,641)",,"(7,798)","(7,798)","(7,798)","(7,798)","(7,798)","(7,798)","(7,798)","(7,798)","(7,798)","(7,798)","(7,798)","(7,798)","(23,395)",,"(3,608)","(7,373)","(7,899)","(1,522)","(6,342)","(1,677)","(15,390)","(10,104)","(4,544)",(384),"(16,388)","(5,046)","(80,277)",,
,,,IT Supplies WH,,"(13,024)","(17,389)","(3,675)",,,,,,,,,,"(34,088)",,"(5,901)","(5,901)","(5,901)","(5,901)","(5,901)","(5,901)","(5,901)","(5,901)","(5,901)","(5,901)","(5,901)","(5,901)",,,,,,"(3,958)","(4,350)",,(101),"(6,715)","(26,768)","(15,602)",(358),,"(57,852)",,
520150,51002160,,Business entertainment WH, ,,"(1,516)",(216),,,,,,,,,,"(1,731)",,"(5,436)","(5,436)","(5,436)","(5,436)","(5,436)","(5,436)","(5,436)","(5,436)","(5,436)","(5,436)","(5,436)","(5,436)","(16,307)",,"(1,977)","(2,440)","(7,511)","(2,098)",(792),"(2,078)",(707),"(1,858)","(13,881)","(1,038)","(2,431)","(1,483)","(38,294)",,
520160,51002170,,Consultancy charges WH, ,"(237,112)","(196,852)","(139,848)",,,,,,,,,,"(573,812)",,"(167,095)","(167,095)","(167,095)","(169,095)","(169,095)","(169,095)","(171,095)","(171,095)","(171,095)","(173,095)","(173,095)","(173,095)","(501,286)",,"(14,400)",,"(12,174)","(10,500)",,,"(17,500)","(68,227)","(199,316)","(207,406)","(221,150)","(180,177)","(930,849)",,
520170,51002180,,Training WH, ,"(29,576)","(28,071)","(25,693)",,,,,,,,,,"(83,339)",,"(14,233)","(14,233)","(14,233)","(14,233)","(14,233)","(14,233)","(14,233)","(14,233)","(14,233)","(14,233)","(14,233)","(14,233)","(42,700)",,(800),,,,,,,"(15,088)","(2,160)",,"(6,660)","(9,700)","(34,408)",,
520180,51002200,,General Cleaning & washing WH, ,"(21,209)","(17,565)","(29,004)",,,,,,,,,,"(67,779)",,"(28,497)","(22,017)","(22,017)","(22,017)","(23,217)","(23,717)","(23,217)","(23,217)","(22,017)","(23,217)","(23,217)","(22,017)","(72,532)",,"(12,567)","(46,750)","(16,827)","(18,755)","(20,755)","(28,205)","(45,115)","(46,671)","(32,127)","(24,648)","(33,072)","(47,485)","(372,977)",,
520190,51002230,,Shrinkages & Shortages WH, ,,,,,,,,,,,,,0,,"(1,127)","(1,127)","(1,127)","(1,127)","(1,127)","(1,127)","(1,127)","(1,127)","(1,127)","(1,127)","(1,127)","(1,127)","(3,380)",,,,,,,,,"(1,841)",,,,"(50,701)","(52,542)",,
520200,51002240,,Pallets & Shrink Wraps WH, ,"(30,150)","(7,078)","(59,985)",,,,,,,,,,"(97,213)",,"(77,784)","(77,784)","(77,784)","(77,784)","(77,784)","(77,784)","(77,784)","(77,784)","(77,784)","(77,784)","(77,784)","(77,784)","(233,351)",,"(24,700)","(44,820)","(74,240)","(60,111)","(58,587)","(67,300)","(56,019)","(166,770)","(74,683)","(37,300)","(24,550)","(49,775)","(738,855)",,
520210,,,Bad Debt Written Off WH, ,,,,,,,,,,,,,0,,0,0,0,0,0,0,0,0,0,0,0,0,0,,,,,,,,,,,,,"(294,164)","(294,164)",,
520220,51002250,,Doubtful Debt Provision WH, ,,"(60,000)","(40,000)",,,,,,,,,,"(100,000)",,0,0,0,0,0,0,0,0,0,0,0,0,0,,,,,,,,,,,,,,0,,
520250,51002260,,Telephone & Fax exp WH, ,"(35,046)","(16,124)","(25,012)",,,,,,,,,,"(76,182)",,"(69,165)","(68,741)","(68,741)","(68,741)","(68,741)","(68,741)","(68,741)","(69,892)","(69,186)","(68,760)","(68,760)","(68,760)","(206,647)",,"(76,059)","(82,626)","(90,486)","(68,906)","(38,219)","(31,921)","(42,751)","(130,199)","(136,329)","(85,064)","(61,267)","(66,542)","(910,367)",,
520250,51002270,,Water expenses WH, ,"(20,031)","(15,672)","(21,711)",,,,,,,,,,"(57,414)",,"(36,953)","(36,953)","(36,953)","(40,350)","(42,027)","(38,587)","(36,953)","(36,953)","(36,953)","(37,059)","(37,059)","(37,059)","(110,859)",,"(13,636)","(42,447)","(32,719)","(16,963)","(50,319)","(11,463)","(50,492)","(41,936)","(33,283)","(48,744)","(35,043)","(12,735)","(389,779)",,
520250,51002280,,Electricity expenses WH, ,"(300,252)","(301,937)","(255,308)",,,,,,,,,,"(857,497)",,"(452,032)","(452,032)","(452,032)","(452,032)","(452,032)","(452,032)","(452,228)","(452,228)","(452,228)","(452,228)","(452,228)","(452,228)","(1,356,097)",,"(316,594)","(345,623)","(301,006)","(339,712)","(363,037)","(379,603)","(450,206)","(372,682)","(449,933)","(264,703)","(300,463)","(332,756)","(4,216,319)",,
520260,51002310,,Building maintenance WH, ,"(11,400)","(36,733)","(7,560)",,,,,,,,,,"(55,693)",,"(28,136)","(28,136)","(28,136)","(28,136)","(28,136)","(28,136)","(28,136)","(28,136)","(28,136)","(28,136)","(28,136)","(28,136)","(84,408)",,,"(31,863)","(50,655)","(2,580)","(3,731)","(72,478)","(16,531)","(77,172)","(22,406)","(17,357)","(115,691)","(72,749)","(483,213)",,
520270,51002330,,Computer maintenance WH, ,"(4,820)","(25,690)",,,,,,,,,,,"(30,510)",,"(4,380)","(4,380)","(4,380)","(4,380)","(4,380)","(4,380)","(4,380)","(4,380)","(4,380)","(4,380)","(4,380)","(4,380)","(13,139)",,,,,,,,,,(237),,"(14,525)",,"(14,762)",,
520280,,,Software Maint. Fees WH, ,,,,,,,,,,,,,0,,"(6,689)","(6,689)","(6,689)","(6,689)","(6,689)","(6,689)","(6,689)","(6,689)","(6,689)","(6,689)","(6,689)","(6,689)","(20,068)",,"(12,410)",,,,,,,,,,,,"(12,410)",,
520290,51002340,,Other maintenance WH, ,"(63,026)","(63,360)","(42,871)",,,,,,,,,,"(169,257)",,"(94,007)","(94,945)","(93,424)","(93,424)","(93,424)","(93,424)","(79,924)","(79,924)","(85,208)","(79,924)","(80,507)","(81,445)","(282,376)",,"(64,361)","(52,891)","(216,357)","(132,903)","(253,104)","(51,839)","(83,664)","(137,583)","(96,775)","(49,998)","(89,538)","(95,135)","(1,324,148)",,
520300,,,Internet Service - ISP WH, ,"(28,503)","(52,393)","(40,973)",,,,,,,,,,"(121,869)",,"(51,085)","(51,085)","(51,085)","(51,085)","(51,085)","(51,085)","(51,085)","(51,085)","(51,085)","(51,085)","(51,085)","(51,085)","(153,255)",,,,,,,,,,,,,,0,,
520310,51002410,,Gasoline expenses WH, ,(584),"(1,395)","(3,809)",,,,,,,,,,"(5,788)",,"(1,898)","(1,898)","(1,898)","(1,898)","(1,898)","(1,898)","(1,898)","(1,898)","(1,898)","(1,898)","(1,898)","(1,898)","(5,694)",,(678),"(1,290)",(378),"(1,346)",(323),"(1,679)","(5,868)","(2,320)","(4,311)","(1,107)","(2,023)",(666),"(21,989)",,
520320,51002420,,Diesel expenses WH, ,"(44,428)","(9,249)","(26,970)",,,,,,,,,,"(80,648)",,"(90,898)","(90,898)","(90,898)","(30,328)","(30,328)","(30,328)","(29,828)","(29,828)","(29,828)","(29,828)","(29,828)","(29,828)","(272,694)",,"(14,029)","(9,522)","(16,015)","(12,084)","(3,183)","(95,630)","(6,008)","(135,736)","(150,515)","(109,737)","(96,230)","(106,554)","(755,244)",,
520330,51002430,,Parking expenses WH, ,,,,,,,,,,,,,0,,(688),(688),(688),(688),(688),(688),(688),(688),(688),(688),(688),(688),"(2,065)",,,(6),,(23),,,,(484),,,,,(513),,
520340,51002450,,Transportation expenses WH, ,"(90,962)","(48,612)","(116,897)",,,,,,,,,,"(256,470)",,"(103,432)","(103,432)","(103,432)","(103,432)","(103,432)","(103,432)","(103,432)","(103,432)","(103,432)","(103,432)","(103,432)","(103,432)","(310,295)",,"(34,345)","(36,805)","(226,291)","(285,903)","(39,542)","(75,020)","(69,739)","(88,361)","(65,700)","(87,880)","(43,750)","(43,138)","(1,096,473)",,
520350,51002460,,Traffic violation WH, ,,,,,,,,,,,,,0,,"(1,250)","(1,250)","(1,250)","(1,250)","(1,250)","(1,250)","(1,250)","(1,250)","(1,250)","(1,250)","(1,250)","(1,250)","(3,750)",,,,,,,,,,"(10,000)",,,,"(10,000)",,
520360,51002470,,Vehicle registration - Istimara WH, ,,,,,,,,,,,,,0,,0,0,0,0,0,0,0,0,0,0,0,0,0,,,,,,,,,,,,,,0,,
520370,51002480,,Vehicle repair & maintenance WH, ,,,"(3,999)",,,,,,,,,,"(3,999)",,"(7,450)","(7,450)","(7,450)","(7,450)","(7,450)","(7,450)","(7,450)","(7,450)","(7,450)","(7,450)","(7,450)","(7,450)","(22,351)",,"(44,368)","(25,113)",(470),"(1,780)","(1,300)","(1,899)","1,398","(1,485)","(1,203)","(8,616)","(7,427)","(34,819)","(127,082)",,
520380,51002490,,Vehicle repair & maintenance WH, ,"(22,780)","(39,853)",,,,,,,,,,,"(62,634)",,"(1,331)","(1,331)","(1,331)","(1,331)","(1,331)","(1,331)","(1,331)","(1,331)","(1,331)","(1,331)","(1,331)","(1,331)","(3,993)",,,,,,,,"(10,000)",,,,(65),,"(10,065)",,
520390,,,Equipment rental WH, ,"(69,050)","(68,700)","(68,700)",,,,,,,,,,"(206,450)",,"(70,700)","(70,700)","(70,700)","(70,700)","(70,700)","(70,700)","(70,700)","(70,700)","(70,700)","(70,700)","(70,700)","(70,700)","(212,100)",,"(102,500)","(95,450)","(94,800)","(95,000)","(95,200)","(71,200)","(72,578)","(72,251)","(69,000)","(68,700)","(69,000)","(68,850)","(974,529)",,
520395,51002520,,MHE-  Rental WH, ,"(273,096)","(317,137)","(269,450)",,,,,,,,,,"(859,683)",,"(286,550)","(286,550)","(286,550)","(286,550)","(286,550)","(286,550)","(275,350)","(275,350)","(275,350)","(275,350)","(275,350)","(275,350)","(859,650)",,"(206,195)","(299,136)","(212,644)","(216,123)","(276,661)","(287,547)","(278,537)","(258,938)","(249,100)","(246,955)","(268,523)","(322,578)","(3,122,938)",,
520400,51002610,,Insurance - Vehicle WH, ,(87),(87),,,,,,,,,,,(174),,"(3,053)","(3,053)","(3,053)","(3,053)","(3,053)","(3,053)","(3,053)","(3,053)","(3,053)","(3,053)","(3,053)","(3,053)","(9,159)",,(87),(87),(87),(87),(87),(87),(87),(87),(87),(87),(87),(87),"(1,045)",,
520410,51002630,,Insurance - Fire & Theft WH, ,(610),(610),,,,,,,,,,,"(1,219)",,"(3,505)","(3,505)","(3,505)","(3,505)","(3,505)","(3,505)","(3,505)","(3,505)","(3,505)","(3,505)","(3,505)","(3,505)","(10,515)",,(262),(262),(262),(262),(262),(262),,,,,,699,(871),,
520420,51002710,,Subscription fees WH, ,"(34,636)","(55,663)","(53,559)",,,,,,,,,,"(143,857)",,"(54,328)","(54,328)","(54,328)","(54,328)","(54,328)","(54,328)","(54,328)","(54,328)","(54,328)","(54,328)","(54,328)","(54,328)","(162,984)",,"(52,338)","(55,650)","(52,369)","(56,019)","(52,369)","(52,369)","(49,302)","(30,583)","(71,137)","(43,637)","(43,735)","46,099","(513,406)",,
,,,Licence Fees WH,,"(1,478)","(8,978)","(1,478)",,,,,,,,,,"(11,934)",,"(5,978)","(5,978)","(5,978)","(5,978)","(5,978)","(5,978)","(5,978)","(5,978)","(5,978)","(5,978)","(5,978)","(5,978)",,,"(2,958)","(3,825)","(4,436)","(4,436)","(8,436)","(26,978)","(19,478)","(3,978)","(3,978)","(3,978)","(42,078)","(9,478)","(134,040)",,
520430,51002720,,Audit fees WH, ,,,,,,,,,,,,,0,,0,0,0,0,0,0,0,0,0,0,0,0,0,,,,,,,,,,,,,,0,,
520440,51002730,,Legal fees WH, ,"(10,000)",,,,,,,,,,,,"(10,000)",,"(3,694)","(3,694)","(3,694)","(3,694)","(3,694)","(3,694)","(3,694)","(3,694)","(3,694)","(3,694)","(3,694)","(3,694)","(11,083)",,(952),"(14,689)",(685),"(15,285)",(685),(685),"(28,985)","(1,385)","(29,240)","(26,829)","(26,040)","(4,323)","(149,781)",,
520450,51002750,,Other fees WH, ,,,,,,,,,,,,,0,,0,0,0,0,0,0,0,0,0,0,0,0,0,,,,,,,,,,,,,,0,,
520460,51002810,,Office Rent WH, ,,,,,,,,,,,,,0,,(104),(104),(104),(104),(104),(104),(104),(104),(104),(104),(104),(104),(311),,,,,,,,,,,,,,0,,
520470,51002920,,Domestic Travel - Tickets WH, ,,,"(1,230)",,,,,,,,,,"(1,230)",,"(2,198)","(2,198)","(2,198)","(2,198)","(2,198)","(2,198)","(2,198)","(2,198)","(2,198)","(2,198)","(2,198)","(2,198)","(6,594)",,,,,,,,,,,,,,0,,
520480,,,Domestic Travel - Hotel WH, ,,"(2,912)",(405),,,,,,,,,,"(3,317)",,(725),(725),(725),(725),(725),(725),(725),(725),(725),(725),(725),(725),"(2,174)",,"(3,704)","(3,182)",(817),"(12,068)","(3,313)","(1,474)","(3,677)","(6,535)","(2,304)",(704),,"(5,594)","(43,374)",,
520490,,,Domestic Travel - Conveyance WH, ,(352),,(865),,,,,,,,,,"(1,217)",,"(1,388)","(1,388)","(1,388)","(1,388)","(1,388)","(1,388)","(1,388)","(1,388)","(1,388)","(1,388)","(1,388)","(1,388)","(4,164)",,,"(1,075)",,"(4,858)","(4,291)","(3,300)","(11,109)","(13,862)","(6,758)","(5,261)","(1,921)","(3,116)","(55,552)",,
520500,,,Domestic Travel - Allowance WH, ,(61),,,,,,,,,,,,(61),,(78),(78),(78),(78),(78),(78),(78),(78),(78),(78),(78),(78),(234),,,(288),(147),(328),,,"(4,807)","(1,211)",(883),,(687),"(1,333)","(9,684)",,
520510,,,Domestic Travel - Other WH, ,(165),,(288),,,,,,,,,,(453),,0,0,0,0,0,0,0,0,0,0,0,0,0,,,,,,,,(476),,,,,,(476),,
520520,,,International Travel - Ticket WH, ,,,,,,,,,,,,,0,,0,0,0,0,0,0,0,0,0,0,0,0,0,,(197),(200),,(552),,,,(821),(290),,(178),(189),"(2,427)",,
520530,,,International Travel - Hotel WH, ,,,,,,,,,,,,,0,,0,0,0,0,0,0,0,0,0,0,0,0,0,,,,,,,,,,,"(1,280)",,,"(1,280)",,
520540,,,International Travel - Conveyance WH, ,,,,,,,,,,,,,0,,0,0,0,0,0,0,0,0,0,0,0,0,0,,,,,,,,,,,,,(608),(608),,
520550,,,International Travel - Allowance WH, ,,,,,,,,,,,,,0,,0,0,0,0,0,0,0,0,0,0,0,0,0,,,,,,,,,,,,,,0,,
520560,,,International Travel - Other Exp WH, ,,,,,,,,,,,,,0,,0,0,0,0,0,0,0,0,0,0,0,0,0,,,,,,,,,,,,,,0,,
530110,51002190,,Advertisement Cost - Media WH, ,,,,,,,,,,,,,0,,0,0,0,0,0,0,0,0,0,0,0,0,0,,,,,,,,,,,,,,0,,
530120,51006130,,Promotional expense - WH, ,,,,,,,,,,,,,0,,0,0,0,0,0,0,0,0,0,0,0,0,0,,,,,,,,,,,,,,0,,
530130,,,Special Expense - WH (RS Cost Racking net of Tejoury, ,,,,,,,,,,,,,0,,0,0,0,0,0,0,0,0,0,0,0,0,0,,"(13,791)","(13,790)","(13,790)","(13,790)","(13,790)","(13,790)","(139,790)","(30,204)","(29,585)",,,,"(282,319)",,
530140,,,Gifts & Compliments - WH, ,"(1,862)",,(227),,,,,,,,,,"(1,253)",,0,0,0,0,0,0,0,0,0,0,0,0,0,,,,,,"(1,015)",,,,,,(238),,"(1,253)",,
530150,,,Adv & Promo - Printing expenses WH, ,,,,,,,,,,,,,"(2,757)",,0,0,0,0,0,0,0,0,0,0,0,0,0,,,,(100),,"(1,271)",,,,(984),,(111),(291),"(2,757)",,
540110,51007110,,Depreciation - Building WH, ,"(246,978)","(247,060)","(249,027)",,,,,,,,,,"(743,065)",,"(246,978)","(246,978)","(246,978)","(246,978)","(246,978)","(246,978)","(246,978)","(246,978)","(246,978)","(246,978)","(246,978)","(246,978)","(740,934)",,"(246,978)","(246,978)","(246,978)","(246,978)","(246,978)","(246,978)","(246,978)","(246,978)","(246,978)","(246,978)","(246,978)","(246,978)","(2,963,735)",,
540115,51007115,,Depreciation - Bldg & Improvements WH, ,"(149,140)","(148,036)","(146,139)",,,,,,,,,,"(443,315)",,"(164,232)","(164,232)","(164,232)","(179,778)","(179,778)","(179,778)","(179,778)","(179,778)","(179,778)","(179,778)","(179,778)","(179,778)","(492,695)",,"(142,225)","(142,350)","(146,960)","(145,390)","(147,251)","(147,251)","(149,211)","(154,897)","(159,232)","(159,735)","(160,663)","(161,933)","(1,817,096)",,
540118,51007118,,Depreciation - Racking WH, ,"(211,642)","(261,724)","(263,607)",,,,,,,,,,"(736,974)",,"(249,428)","(249,428)","(249,428)","(266,063)","(266,063)","(266,063)","(266,063)","(266,063)","(266,063)","(266,063)","(266,063)","(266,063)","(748,284)",,"(172,460)","(172,460)","(172,460)","(172,460)","(172,460)","(172,460)","(184,937)","(186,924)","(186,924)","(216,508)","(215,791)","(221,922)","(2,247,766)",,
540120,51007120,,Depreciation Machinery and Equip WH, ,"(59,464)","(59,463)","(49,446)",,,,,,,,,,"(168,373)",,"(60,205)","(60,205)","(60,205)","(70,563)","(70,563)","(70,563)","(70,563)","(70,563)","(70,563)","(70,563)","(70,563)","(70,563)","(180,615)",,"(62,397)","(62,397)","(62,397)","(59,655)","(59,655)","(59,655)","(59,655)","(59,655)","(59,655)","(59,655)","(59,655)","(59,474)","(723,907)",,
540123,51007123,,Depreciation -MHE WH, ,"(17,969)","(17,996)","(18,781)",,,,,,,,,,"(54,746)",,"(22,478)","(22,478)","(22,478)","(26,811)","(26,811)","(26,811)","(26,811)","(26,811)","(26,811)","(26,811)","(26,811)","(26,811)","(67,433)",,"(12,986)","(12,986)","(13,279)","(13,279)","(13,279)","(13,279)","(15,497)","(16,605)","(18,144)","(18,144)","(18,144)","(18,005)","(183,626)",,
540125,51007125,,Depreciation - Furniture & Fixtures WH, ,"(13,649)","(13,542)","(13,542)",,,,,,,,,,"(40,732)",,"(19,767)","(19,767)","(19,767)","(19,767)","(19,767)","(19,767)","(19,767)","(19,767)","(19,767)","(19,767)","(19,767)","(19,767)","(59,302)",,"(21,152)","(21,162)","(20,628)","(20,235)","(19,733)","(18,480)","(18,617)","(18,617)","(18,617)","(18,617)","(18,688)","(15,550)","(230,097)",,
540130,51007130,,Depreciation - Computers WH, ,"(21,191)","(21,091)","(21,152)",,,,,,,,,,"(63,434)",,"(25,409)","(25,409)","(25,409)","(33,969)","(33,969)","(33,969)","(33,969)","(33,969)","(33,969)","(33,969)","(33,969)","(33,969)","(76,226)",,"(23,531)","(23,531)","(23,541)","(23,257)","(22,864)","(22,821)","(22,458)","(23,609)","(23,609)","(23,969)","(24,068)","(23,164)","(280,422)",,
540135,51007135,,Depreciation - Motor vehicles WH, ,,,,,,,,,,,,,0,,"(1,350)","(1,350)","(1,350)","(1,350)","(1,350)","(1,350)","(1,350)","(1,350)","(1,350)","(1,350)","(1,350)","(1,350)","(4,050)",,,,,,,,,,,,,,0,,
,,,Depreciation - Truck Fleet WH,,"(55,914)","(55,914)","(55,914)",,,,,,,,,,"(167,743)",,"(55,914)","(55,914)","(55,914)","(55,914)","(55,914)","(55,914)","(55,914)","(55,914)","(55,914)","(55,914)","(55,914)","(55,914)","(167,743)",,"(55,914)","(55,914)","(55,914)","(55,914)","(55,914)","(55,914)","(55,914)","(55,914)","(55,914)","(55,914)","(55,914)","(55,914)","(670,972)",,
540140,51007140,,Depreciation - Office Equipment WH, ,"(25,394)","(25,432)","(26,227)",,,,,,,,,,"(77,054)",,"(36,554)","(36,554)","(36,554)","(36,554)","(36,554)","(36,554)","(36,554)","(36,554)","(36,554)","(36,554)","(36,554)","(36,554)","(109,661)",,"(40,495)","(40,504)","(36,433)","(34,991)","(33,924)","(32,882)","(32,970)","(32,970)","(33,054)","(30,277)","(30,956)","(27,268)","(406,722)",,
540145,,,Depr - Security & Safety Equipment WH, ,,,,,,,,,,,,,0,,0,0,0,0,0,0,0,0,0,0,0,0,0,,,,,,,,,,,,,,0,,
540150,51007150,,Amortization - Computer Software WH, ,"(20,349)","(20,349)","(20,349)",,,,,,,,,,"(61,048)",,"(34,426)","(34,426)","(34,426)","(34,426)","(34,426)","(34,426)","(34,426)","(34,426)","(34,426)","(34,426)","(34,426)","(34,426)","(103,277)",,"(17,773)","(17,773)","(17,773)","(17,773)","(17,773)","(13,021)","(68,571)","(23,926)","(23,926)","(23,926)","(23,926)","(20,464)","(286,621)",,
,,,Operating Cost - WH, ,"(2,224,217)","(2,294,917)","(2,147,441)",0,0,0,0,0,0,0,0,0,"(6,666,575)",,"(2,661,262)","(2,655,296)","(2,653,775)","(2,654,035)","(2,656,912)","(2,653,972)","(2,628,834)","(2,629,985)","(2,633,363)","(2,630,958)","(2,631,542)","(2,631,279)","(7,970,333)",,"(1,839,238)","(2,062,599)","(2,304,083)","(2,201,105)","(2,110,223)","(2,075,496)","(2,401,685)","(2,641,365)","(2,661,232)","(2,215,482)","(2,396,497)","(2,646,164)","(27,555,170)",,
520110,51002110,,Printing & stationery TPT, ,,,,,,,,,,,,,0,,0,0,0,0,0,0,0,0,0,0,0,0,0,,,,,,(30),,,,,,,,(30),,
520120,51002120,,Postage & courier TPT, ,,,,,,,,,,,,,0,,0,0,0,0,0,0,0,0,0,0,0,0,0,,(24),,,,,,,,,,,,(24),,
520130,51002140,,Uniform TPT, ,,,,,,,,,,,,,0,,0,0,0,0,0,0,0,0,0,0,0,0,0,,,,,,,,,,,,,,0,,
520140,51002150,,Kitchen supplies TPT, ,,,,,,,,,,,,,0,,0,0,0,0,0,0,0,0,0,0,0,0,0,,,,,(272),,,,,,,,,(272),,
,,,IT Supplies TPT,,,,,,,,,,,,,,0,,,,,,,,,,,,,,,,,,,,,,,,,,,,0,,
520150,51002160,,Business entertainment TPT, ,,,,,,,,,,,,,0,,0,0,0,0,0,0,0,0,0,0,0,0,0,,,,,,,,(44),,,,,,(44),,
520160,51002170,,Consultancy charges TPT, ,,,,,,,,,,,,,0,,0,0,0,0,0,0,0,0,0,0,0,0,0,,,,,,,,,,,,,,0,,
520170,51002180,,Training TPT, ,,,,,,,,,,,,,0,,0,0,0,0,0,0,0,0,0,0,0,0,0,,,,,,,,,,,,,,0,,
520180,51002200,,General Cleaning & washing TPT, ,,,,,,,,,,,,,0,,0,0,0,0,0,0,0,0,0,0,0,0,0,,,,,,,,,,,,,,0,,
,51002220,,General Expenses, ,,,,,,,,,,,,,0,,0,0,0,0,0,0,0,0,0,0,0,0,0,,,,,,,,,,,,,,0,,
520190,51002230,,Shrinkages & Shortages TPT, ,,,,,,,,,,,,,0,,0,0,0,0,0,0,0,0,0,0,0,0,0,,,,,,,,,,,,,,0,,
520200,51002240,,Pallets & Shrink Wraps TPT, ,,,,,,,,,,,,,0,,0,0,0,0,0,0,0,0,0,0,0,0,0,,,,,,,,,,,,,,0,,
520210,,,Bad Debt Written Off TPT, ,,,,,,,,,,,,,0,,0,0,0,0,0,0,0,0,0,0,0,0,0,,,,,,,,,,,,,,0,,
520220,51002250,,Doubtful Debt Provision TPT, ,,,,,,,,,,,,,0,,0,0,0,0,0,0,0,0,0,0,0,0,0,,,,,,,,,,,,,,0,,
520250,51002260,,Telephone & Fax exp TPT, ,"(1,342)","(1,432)","(1,410)",,,,,,,,,,"(4,183)",,"(1,200)","(1,200)","(1,200)","(1,200)","(1,200)","(1,200)","(1,200)","(1,200)","(1,200)","(1,200)","(1,200)","(1,200)","(3,600)",,"(1,662)","(1,667)","(1,656)","(1,711)",,,,"(3,697)","(4,620)","(1,450)","(1,405)","(1,493)","(19,361)",,
520250,51002270,,Water expenses TPT, ,,,,,,,,,,,,,0,,0,0,0,0,0,0,0,0,0,0,0,0,0,,,,,,,,,,,,,,0,,
520250,51002280,,Electricity expenses TPT, ,,,,,,,,,,,,,0,,0,0,0,0,0,0,0,0,0,0,0,0,0,,,,,,,,,,,,,,0,,
520260,51002310,,Building maintenance TPT, ,,,,,,,,,,,,,0,,0,0,0,0,0,0,0,0,0,0,0,0,0,,,,,,,,,,,,,,0,,
520270,51002330,,Computer maintenance TPT, ,,,,,,,,,,,,,0,,(908),(908),(908),(908),(908),(908),(908),(908),(908),(908),(908),(908),"(2,724)",,,,,,,,,,,,,,0,,
520280,,,Software Maint. Fees TPT, ,,,,,,,,,,,,,0,,"(2,604)","(2,604)","(2,604)","(2,604)","(2,604)","(2,604)","(2,604)","(2,604)","(2,604)","(2,604)","(2,604)","(2,604)","(7,813)",,,,,,,,,,,,,,0,,
520290,51002340,,Other maintenance TPT, ,,,,,,,,,,,,,0,,0,0,0,0,0,0,0,0,0,0,0,0,0,,(699),,,,,,,,,,,,(699),,
520300,,,Internet Service - ISP TPT, ,,,,,,,,,,,,,0,,0,0,0,0,0,0,0,0,0,0,0,0,0,,,,,,,,,,,,,,0,,
520310,51002410,,Gasoline expenses TPT, ,,,,,,,,,,,,,0,,0,0,0,0,0,0,0,0,0,0,0,0,0,,,(116),,,,,,,,,,,(116),,
520320,51002420,,Diesel expenses TPT, ,"(7,300)",(114),"(7,406)",,,,,,,,,,"(14,820)",,"(5,000)","(5,000)","(5,000)","(5,000)","(5,000)","(5,000)","(5,000)","(5,000)","(5,000)","(5,000)","(5,000)","(5,000)","(15,000)",,"(60,000)","(109,318)","(128,789)","(117,001)","(30,292)",(440),"(65,000)","(15,000)","(7,500)",,"(10,400)","(10,100)","(553,839)",,
520330,51002430,,Parking expenses TPT, ,,,,,,,,,,,,,0,,0,0,0,0,0,0,0,0,0,0,0,0,0,,,(16),(39),,(16),,,,,,,,(71),,
520340,51002450,,Transportation expenses TPT, ,,,,,,,,,,,,,0,,0,0,0,0,0,0,0,0,0,0,0,0,0,,,"(26,000)",(600),"25,850",(570),,,,,,,,"(1,320)",,
520350,51002460,,Traffic violation TPT, ,(226),,,,,,,,,,,,(226),,0,0,0,0,0,0,0,0,0,0,0,0,0,,,"(1,351)",,,,,,,,,,,"(1,351)",,
520360,51002470,,Vehicle registration - Istimara TPT, ,"(8,700)",,,,,,,,,,,,"(8,700)",,0,0,0,0,0,0,0,0,0,0,0,0,0,,,,,,,,,,,,,,0,,
520370,51002480,,Vehicle repair & maintenance TPT, ,"(7,075)",(60),"(5,580)",,,,,,,,,,"(12,715)",,"(3,301)","(3,301)","(3,301)","(3,301)","(3,301)","(3,301)","(3,301)","(3,301)","(3,301)","(3,301)","(3,301)","(3,301)","(9,904)",,"(22,478)","(22,718)","(63,800)","(3,301)","(53,683)","(76,980)",(351),"(81,391)","(6,440)",,"(2,400)","(4,131)","(337,673)",,
520380,51002490,,Others - vehicle expenses TPT, ,,,,,,,,,,,,,0,,0,0,0,0,0,0,0,0,0,0,0,0,0,,,,,,,,,,,,"(3,772)",,"(3,772)",,
520390,,,Equipment rental TPT, ,,,,,,,,,,,,,0,,0,0,0,0,0,0,0,0,0,0,0,0,0,,,,,,,,,,,,,,0,,
520395,51002520,,MHE Rental TPT, ,,,,,,,,,,,,,0,,0,0,0,0,0,0,0,0,0,0,0,0,0,,,,,,,,,,,,"(2,000)",,"(2,000)",,
520400,51002610,,Insurance premium - vehicle TPT, ,"(4,339)","(4,339)","(2,403)",,,,,,,,,,"(11,082)",,"(4,339)","(4,339)","(4,339)","(4,339)","(4,339)","(4,339)","(4,339)","(4,339)","(4,339)","(4,339)","(4,339)","(4,339)","(13,018)",,"(4,339)","(4,339)","(4,339)","(4,339)","(4,339)","(4,339)","(4,339)","(4,339)","(4,339)","(4,339)","(4,339)","(4,339)","(52,072)",,
520410,51002630,,Insurance premium - Fire & theft TPT, ,,,,,,,,,,,,,0,,0,0,0,0,0,0,0,0,0,0,0,0,0,,,,,,,,,,,,,,0,,
520420,51002710,,Subscription fees TPT, ,(788),(405),(788),,,,,,,,,,"(1,981)",,"(2,813)","(2,813)","(2,813)","(2,813)","(2,813)","(2,813)","(5,625)","(5,625)","(5,625)","(5,625)","(5,625)","(5,625)","(8,438)",,,,"(3,776)",(403),"(6,958)",(403),(403),"(6,388)",(403),"(5,723)",(809),(809),"(26,076)",,
,,,Licence Fees TPT,,,,,,,,,,,,,,0,,0,0,0,0,0,0,0,0,0,0,0,0,,,,,,,,,,,,,,,0,,
520430,51002720,,Audit fees TPT, ,,,,,,,,,,,,,0,,0,0,0,0,0,0,0,0,0,0,0,0,0,,,,,,,,,,,,,,0,,
520440,51002730,,"Legal fees (Lawyer, Chamber) TPT", ,"(6,000)",,,,,,,,,,,,"(6,000)",,0,0,0,0,0,0,0,0,0,0,0,0,0,,(25),,,,,,,,,"(6,600)",,,"(6,625)",,
520450,51002750,,Other fees TPT, ,,,,,,,,,,,,,0,,(337),(337),(337),(337),(337),(337),(337),(337),(337),(337),(337),(337),"(1,011)",,"(3,008)","(3,008)",,,,,,,,,"(3,000)",,"(9,016)",,
520460,51002810,,Office Rent expenses TPT, ,,,,,,,,,,,,,0,,0,0,0,0,0,0,0,0,0,0,0,0,0,,,,"(1,342)","(2,713)",,(817),,,,,,,"(4,872)",,
520470,51002920,,Domestic Travel-Tickets TPT, ,,,,,,,,,,,,,0,,0,0,0,0,0,0,0,0,0,0,0,0,0,,,,"(1,276)",,,,,,,,(670),,"(1,945)",,
520480,,,Domestic Travel-Hotel TPT, ,,,,,,,,,,,,,0,,0,0,0,0,0,0,0,0,0,0,0,0,0,,,,,,,,,,,,,,0,,
520490,,,Domestic Travel-Conveyance TPT, ,,,,,,,,,,,,,0,,0,0,0,0,0,0,0,0,0,0,0,0,0,,,,,,,,,,,,,,0,,
520500,,,Domestic Travel-Allowance TPT, ,,,,,,,,,,,,,0,,0,0,0,0,0,0,0,0,0,0,0,0,0,,,,,,,,,,,,,,0,,
520510,,,Domestic Travel Other TPT, ,,,,,,,,,,,,,0,,0,0,0,0,0,0,0,0,0,0,0,0,0,,,,,,,,,,,,,,0,,
520520,,,Overseas Travel-Ticket TPT, ,,,,,,,,,,,,,0,,0,0,0,0,0,0,0,0,0,0,0,0,0,,,,,,,,,,,,,,0,,
520530,,,Overseas Travel-Hotel TPT, ,,,,,,,,,,,,,0,,0,0,0,0,0,0,0,0,0,0,0,0,0,,,,,,,,,,,,,,0,,
520540,,,Overseas Travel-Conveyance TPT, ,,,,,,,,,,,,,0,,0,0,0,0,0,0,0,0,0,0,0,0,0,,,,,,,,,,,,,,0,,
520550,,,Overseas Travel-Allowance TPT, ,,,,,,,,,,,,,0,,0,0,0,0,0,0,0,0,0,0,0,0,0,,,,,,,,,,,,,,0,,
520560,,,Overseas Travel-Other Exp TPT, ,,,,,,,,,,,,,0,,0,0,0,0,0,0,0,0,0,0,0,0,0,,,,,,,,,,,,,,0,,
530110,51002190,,Advertisement Cost-Media TPT, ,,,,,,,,,,,,,0,,0,0,0,0,0,0,0,0,0,0,0,0,0,,,,,,,,,,,,,,0,,
530120,51006130,,Promotional expense TPT, ,,,,,,,,,,,,,0,,0,0,0,0,0,0,0,0,0,0,0,0,0,,,,,,,,,,,,,,0,,
530130,,,Special Business Expense TPT, ,,,,,,,,,,,,,0,,0,0,0,0,0,0,0,0,0,0,0,0,0,,,,,,,,,,,,,,0,,
530140,,,Gifts & Compliments TPT, ,,,,,,,,,,,,,0,,,0,0,0,0,0,0,0,0,0,0,0,0,,,,,,,,,,,,,,0,,
530150,,,Adv & Prom - Printing expenses TPT, ,,,,,,,,,,,,,0,,0,0,0,0,0,0,0,0,0,0,0,0,0,,,,,,,,,,,,,,0,,
540110,51007110,,Depreciation - Building TPT, ,,,,,,,,,,,,,0,,,0,0,0,0,0,0,0,0,0,0,0,0,,,,,,,,,,,,,,0,,
540115,51007115,,Depreciation - Bldg & Bldg improvements TPT, ,(24),(24),(24),,,,,,,,,,(71),,(24),(24),(24),(24),(24),(24),(24),(24),(24),(24),(24),(24),(71),,(24),(24),(24),(24),(24),(24),(24),(24),(24),(24),(24),(24),(284),,
540118,51007118,,Depreciation - Racking TPT, ,,,,,,,,,,,,,0,,,0,0,0,0,0,0,0,0,0,0,0,0,,,,,,,,,,,,,,0,,
540120,51007120,,Depr Machinery and Equipment TPT, ,"(4,058)","(4,058)","(4,058)",,,,,,,,,,"(12,175)",,"(4,058)","(4,058)","(4,058)","(4,058)","(4,058)","(4,058)","(4,058)","(4,058)","(4,058)","(4,058)","(4,058)","(4,058)","(12,175)",,"(4,058)","(4,058)","(4,058)","(4,058)","(4,058)","(4,058)","(4,058)","(4,058)","(4,058)","(4,058)","(4,058)","(4,058)","(48,699)",,
540123,51007123,,Depreciation -MaHE TPT, ,,,,,,,,,,,,,0,,,0,0,0,0,0,0,0,0,0,0,0,0,,,,,,,,,,,,,,0,,
540125,51007125,,Depreciation - Furniture & Fixtures TPT, ,,,,,,,,,,,,,0,,,0,0,0,0,0,0,0,0,0,0,0,0,,,,,,,,,,,,,,0,,
540130,51007130,,Depreciation - Computers TPT, ,(746),(746),(746),,,,,,,,,,"(2,237)",,(882),(882),(882),(882),(882),(882),(882),(882),(882),(882),(882),(882),"(2,645)",,"(1,232)","(1,232)","(1,232)","(1,232)","(1,232)","(1,232)","(1,232)","(1,232)","(1,232)","(1,232)","(1,232)","(1,232)","(14,784)",,
540135,51007135,,Depreciation - Motor vehicles TPT, ,,,,,,,,,,,,,0,,,0,0,0,0,0,0,0,0,0,0,0,0,,,,,,,,,,,,,,0,,
,,,Depreciation - Truck Fleet TPT,,"(26,800)","(20,776)","(20,776)",,,,,,,,,,"(68,353)",,"(35,124)","(35,124)","(35,124)","(35,124)","(35,124)","(35,124)","(35,124)","(35,124)","(35,124)","(35,124)","(35,124)","(35,124)","(105,372)",,"(87,912)","(87,912)","(87,912)","(87,912)","(87,912)","(87,912)","(87,912)","(87,912)","(53,194)","(53,194)","(41,147)","(41,147)","(891,977)",,
540140,51007140,,Depreciation - Office Equipment TPT, ,(384),(384),(384),,,,,,,,,,"(1,153)",,(384),(384),(384),(384),(384),(384),(384),(384),(384),(384),(384),(384),"(1,153)",,(384),(384),(384),(384),(384),(384),(384),(384),(384),(384),(384),(384),"(4,611)",,
540145,,,Depr - Security & Safety Equipment TPT, ,,,,,,,,,,,,,0,,,0,0,0,0,0,0,0,0,0,0,0,0,,,,,,,,,,,,,,0,,
540150,51007150,,Amortization - Computer Software TPT, ,,,,,,,,,,,,,0,,,,,,,,,,,,,,0,,,,,,,,,,,,,,0,,
,,,Operating Cost - TPT, ,"(67,782)","(32,339)","(43,574)",0,0,0,0,0,0,0,0,0,"(143,695)",,"(60,974)","(60,974)","(60,974)","(60,974)","(60,974)","(60,974)","(63,786)","(63,786)","(63,786)","(63,786)","(63,786)","(63,786)","(182,922)",,"(185,845)","(262,144)","(299,227)","(197,501)","(189,499)","(176,590)","(163,747)","(204,425)","(82,195)","(77,004)","(75,640)","(67,717)","(1,981,534)",,
520110,51002110,,Printing & stationery RS, ,,,,,,,,,,,,,0,,,,,,,,,,,,,,0,,,,,,,,,,,,,,0,,
520120,51002120,,Postage & courier RS, ,,,,,,,,,,,,,0,,,,,,,,,,,,,,0,,,,,,,,,,,,,,0,,
520130,51002140,,Uniform RS, ,,,,,,,,,,,,,0,,,,,,,,,,,,,,0,,,,,,,,,,,,,,0,,
520140,51002150,,Kitchen supplies RS, ,,,,,,,,,,,,,0,,,,,,,,,,,,,,0,,,,,,,,,,,,,,0,,
520150,51002160,,Business entertainment RS, ,,,,,,,,,,,,,0,,,,,,,,,,,,,,0,,,,,,,,,,,,,,0,,
520160,51002170,,Consultancy charges RS, ,,,,,,,,,,,,,0,,,,,,,,,,,,,,0,,,,,,,,,,,,,,0,,
520170,51002180,,Training RS, ,,,,,,,,,,,,,0,,,,,,,,,,,,,,0,,,,,,,,,,,,,,0,,
520180,51002200,,General Cleaning & washing RS, ,,,,,,,,,,,,,0,,,,,,,,,,,,,,0,,,,,,,,,,,,,,0,,
,51002220,,General Expenses, ,,,,,,,,,,,,,0,,,,,,,,,,,,,,0,,,,,,,,,,,,,,0,,
520190,51002230,,Shrinkages & Shortages RS, ,,,,,,,,,,,,,0,,,,,,,,,,,,,,0,,,,,,,,,,,,,,0,,
520200,51002240,,Pallets & Shrink Wraps RS, ,,,,,,,,,,,,,0,,,,,,,,,,,,,,0,,,,,,,,,,,,,,0,,
520210,,,Bad Debt Written Off RS, ,,,,,,,,,,,,,0,,,,,,,,,,,,,,0,,,,,,,,,,,,,,0,,
520220,51002250,,Doubtful Debt Provision RS, ,,,,,,,,,,,,,0,,,,,,,,,,,,,,0,,,,,,,,,,,,,,0,,
520250,51002260,,Telephone & Fax exp RS, ,,,,,,,,,,,,,0,,,,,,,,,,,,,,0,,,,,,,,,,,,,,0,,
520250,51002270,,Water expenses RS, ,,,,,,,,,,,,,0,,,,,,,,,,,,,,0,,,,,,,,,,,,,,0,,
520250,51002280,,Electricity expenses RS, ,,,,,,,,,,,,,0,,,,,,,,,,,,,,0,,,,,,,,,,,,,,0,,
520260,51002310,,Building maintenance RS, ,,,,,,,,,,,,,0,,,,,,,,,,,,,,0,,,,,,,,,,,,,,0,,
520270,51002330,,Computer maintenance RS, ,,,,,,,,,,,,,0,,,,,,,,,,,,,,0,,,,,,,,,,,,,,0,,
520280,,,Software Maint. Fees RS, ,,,,,,,,,,,,,0,,,,,,,,,,,,,,0,,,,,,,,,,,,,,0,,
520290,51002340,,Other maintenance RS, ,,,,,,,,,,,,,0,,,,,,,,,,,,,,0,,,,,,,,,,,,,,0,,
520300,,,Internet Service - ISP RS, ,,,,,,,,,,,,,0,,,,,,,,,,,,,,0,,,,,,,,,,,,,,0,,
520310,51002410,,Gasoline expenses RS, ,,,,,,,,,,,,,0,,,,,,,,,,,,,,0,,,,,,,,,,,,,,0,,
520320,51002420,,Diesel expenses RS, ,,,,,,,,,,,,,0,,,,,,,,,,,,,,0,,,,,,,,,,,,,,0,,
520330,51002430,,Parking expenses RS, ,,,,,,,,,,,,,0,,,,,,,,,,,,,,0,,,,,,,,,,,,,,0,,
520340,51002450,,Transportation expenses RS, ,,,,,,,,,,,,,0,,,,,,,,,,,,,,0,,,,,,,,,,,,,,0,,
520350,51002460,,Traffic violation RS, ,,,,,,,,,,,,,0,,,,,,,,,,,,,,0,,,,,,,,,,,,,,0,,
520360,51002470,,Vehicle registration - Istimara RS, ,,,,,,,,,,,,,0,,,,,,,,,,,,,,0,,,,,,,,,,,,,,0,,
520370,51002480,,Vehicle repair & maintenance RS, ,,,,,,,,,,,,,0,,,,,,,,,,,,,,0,,,,,,,,,,,,,,0,,
520380,51002490,,Others - vehicle expenses RS, ,,,,,,,,,,,,,0,,,,,,,,,,,,,,0,,,,,,,,,,,,,,0,,
520390,,,Equipment rental RS, ,,,,,,,,,,,,,0,,,,,,,,,,,,,,0,,,,,,,,,,,,,,0,,
520395,51002520,,MHE Rental RS, ,,,,,,,,,,,,,0,,,,,,,,,,,,,,0,,,,,,,,,,,,,,0,,
520400,51002610,,Insurance premium - vehicle RS, ,,,,,,,,,,,,,0,,,,,,,,,,,,,,0,,,,,,,,,,,,,,0,,
520410,51002630,,Insurance premium - Fire & theft RS, ,,,,,,,,,,,,,0,,,,,,,,,,,,,,0,,,,,,,,,,,,,,0,,
520420,51002710,,Subscription fees RS, ,,,,,,,,,,,,,0,,,,,,,,,,,,,,0,,,,,,,,,,,,,,0,,
520430,51002720,,Audit fees RS, ,,,,,,,,,,,,,0,,,,,,,,,,,,,,0,,,,,,,,,,,,,,0,,
520440,51002730,,"Legal fees (Lawyer, Chamber) RS", ,,,,,,,,,,,,,0,,,,,,,,,,,,,,0,,,,,,,,,,,,,,0,,
520450,51002750,,Other fees RS, ,,,,,,,,,,,,,0,,,,,,,,,,,,,,0,,,,,,,,,,,,,,0,,
520460,51002810,,Office Rent expenses RS, ,,,,,,,,,,,,,0,,,,,,,,,,,,,,0,,,,,,,,,,,,,,0,,
520470,51002920,,Domestic Travel-Tickets RS, ,,,,,,,,,,,,,0,,,,,,,,,,,,,,0,,,,,,,,,,,,,,0,,
520480,,,Domestic Travel-Hotel RS, ,,,,,,,,,,,,,0,,,,,,,,,,,,,,0,,,,,,,,,,,,,,0,,
520490,,,Domestic Travel-Conveyance RS, ,,,,,,,,,,,,,0,,,,,,,,,,,,,,0,,,,,,,,,,,,,,0,,
520500,,,Domestic Travel-Allowance RS, ,,,,,,,,,,,,,0,,,,,,,,,,,,,,0,,,,,,,,,,,,,,0,,
520510,,,Domestic Travel Other RS, ,,,,,,,,,,,,,0,,,,,,,,,,,,,,0,,,,,,,,,,,,,,0,,
520520,,,Overseas Travel-Ticket RS, ,,,,,,,,,,,,,0,,,,,,,,,,,,,,0,,,,,,,,,,,,,,0,,
520530,,,Overseas Travel-Hotel RS, ,,,,,,,,,,,,,0,,,,,,,,,,,,,,0,,,,,,,,,,,,,,0,,
520540,,,Overseas Travel-Conveyance RS, ,,,,,,,,,,,,,0,,,,,,,,,,,,,,0,,,,,,,,,,,,,,0,,
520550,,,Overseas Travel-Allowance RS, ,,,,,,,,,,,,,0,,,,,,,,,,,,,,0,,,,,,,,,,,,,,0,,
520560,,,Overseas Travel-Other Exp RS, ,,,,,,,,,,,,,0,,,,,,,,,,,,,,0,,,,,,,,,,,,,,0,,
530110,51002190,,Advertisement Cost-Media RS, ,,,,,,,,,,,,,0,,,,,,,,,,,,,,0,,,,,,,,,,,,,,0,,
530120,51006130,,Promotional expense RS, ,,,,,,,,,,,,,0,,,,,,,,,,,,,,0,,,,,,,,,,,,,,0,,
530130,,,Special Business Expense RS, ,,,,,,,,,,,,,0,,,,,,,,,,,,,,0,,,,,,,,,,,,,,0,,
530140,,,Gifts & Compliments RS, ,,,,,,,,,,,,,0,,,,,,,,,,,,,,0,,,,,,,,,,,,,,0,,
530150,,,Adv & Promo - Printing expenses RS, ,,,,,,,,,,,,,0,,,,,,,,,,,,,,0,,,,,,,,,,,,,,0,,
540110,51007110,,Depreciation - Building RS, ,,,,,,,,,,,,,0,,,,,,,,,,,,,,0,,,,,,,,,,,,,,0,,
540115,51007115,,Depreciation - Bldg & Bldg improvements RS, ,,,,,,,,,,,,,0,,,,,,,,,,,,,,0,,,,,,,,,,,,,,0,,
540118,51007118,,Depreciation - Racking RS, ,,,,,,,,,,,,,0,,,,,,,,,,,,,,0,,"(31,790)","(31,790)","(31,790)","(31,790)","(31,790)","(31,790)","(31,790)","(30,204)","(29,585)",,,,"(282,319)",,
540120,51007120,,Depr Machinery and Equipment RS, ,,,,,,,,,,,,,0,,,,,,,,,,,,,,0,,,,,,,,,,,,,,0,,
540123,51007123,,Depreciation -MHE RS, ,,,,,,,,,,,,,0,,,,,,,,,,,,,,0,,,,,,,,,,,,,,0,,
540125,51007125,,Depreciation - Furniture & Fixtures RS, ,,,,,,,,,,,,,0,,,,,,,,,,,,,,0,,(0),,,,,,,,,,,,(0),,
540130,51007130,,Depreciation - Computers RS, ,,,,,,,,,,,,,0,,,,,,,,,,,,,,0,,(0),,,,,,,,,,,,(0),,
540135,51007135,,Depreciation - Motor vehicles RS, ,,,,,,,,,,,,,0,,,,,,,,,,,,,,0,,,,,,,,,,,,,,0,,
,,,Depreciation - Truck Fleet RS,,,,,,,,,,,,,,0,,,,,,,,,,,,,,0,,,,,,,,,,,,,,0,,
540140,51007140,,Depreciation - Office Equipment RS, ,,,,,,,,,,,,,0,,,,,,,,,,,,,,0,,(0),,,,,,,,,,,,(0),,
540145,,,Depr - Security & Safety Equipment RS, ,,,,,,,,,,,,,0,,,,,,,,,,,,,,0,,,,,,,,,,,,,,0,,
540150,51007150,,Amortization - Computer Software RS, ,,,,,,,,,,,,,0,,,,,,,,,,,,,,0,,,,,,,,,,,,,,0,,
,,,Operating Cost - RS, ,0,0,0,0,0,0,0,0,0,0,0,0,0,,0,0,0,0,0,0,0,0,0,0,0,0,0,,"(31,791)","(31,790)","(31,790)","(31,790)","(31,790)","(31,790)","(31,790)","(30,204)","(29,585)",0,0,0,"(282,320)",,
,,,Operating Cost - WH & TPT, ,"(2,291,999)","(2,327,255)","(2,191,016)",0,0,0,0,0,0,0,0,0,"(6,810,270)",,"(2,722,236)","(2,716,270)","(2,714,749)","(2,715,009)","(2,717,886)","(2,714,946)","(2,692,620)","(2,693,771)","(2,697,149)","(2,694,745)","(2,695,328)","(2,695,066)","(8,153,255)",,"(2,025,083)","(2,324,743)","(2,603,310)","(2,398,605)","(2,299,722)","(2,252,086)","(2,565,432)","(2,845,790)","(2,743,427)","(2,292,486)","(2,472,137)","(2,713,882)","(29,536,704)",,
,,,Cost of Revenue, ,"(3,650,289)","(3,335,639)","(3,469,863)",0,0,0,0,0,0,0,0,0,"(10,455,790)",,"(3,737,156)","(3,737,156)","(3,789,156)","(3,821,706)","(3,821,706)","(3,855,206)","(3,993,506)","(3,993,506)","(4,008,506)","(4,110,806)","(4,125,606)","(4,125,606)","(11,263,468)",,"(3,937,343)","(3,362,297)","(3,801,044)","(3,863,587)","(3,719,961)","(3,495,236)","(3,661,066)","(4,077,009)","(3,501,030)","(3,408,069)","(3,155,913)","(2,921,610)","(42,904,166)",,
,,,Cost of Revenue % Revenue, ,43.0%,43.3%,45.8%,,,,,,,,,,44.0%,,45.3%,44.3%,43.9%,42.0%,42.0%,41.5%,39.8%,40.2%,40.1%,39.6%,39.4%,39.0%,44.5%,,38.2%,35.6%,37.7%,41.6%,42.8%,44.8%,47.9%,48.3%,39.8%,38.8%,36.3%,33.9%,40.2%,,
,,,Personnel Cost, ,"(1,800,558)","(1,687,553)","(1,650,680)",0,0,0,0,0,0,0,0,0,"(5,138,792)",,"(1,763,149)","(1,763,149)","(1,863,149)","(1,749,853)","(1,749,853)","(1,749,853)","(1,628,271)","(1,616,977)","(1,616,977)","(1,616,977)","(1,616,977)","(1,616,977)","(5,389,447)",,"(2,027,329)","(2,029,837)","(2,121,963)","(2,057,535)","(2,049,779)","(1,967,266)","(1,997,880)","(2,026,978)","(1,833,356)","(1,847,779)","(1,847,644)","(1,483,740)","(23,291,085)",,
,,,Personnel Cost % Revenue, ,21.2%,21.9%,21.8%,,,,,,,,,,21.6%,,21.4%,20.9%,21.6%,19.2%,19.2%,18.8%,16.2%,16.3%,16.2%,15.6%,15.4%,15.3%,21.3%,,19.7%,21.5%,21.0%,22.1%,23.6%,25.2%,26.2%,24.0%,20.8%,21.1%,21.3%,17.2%,21.8%,,
,,,Operating Cost, ,"(2,291,999)","(2,327,255)","(2,191,016)",0,0,0,0,0,0,0,0,0,"(6,810,270)",,"(2,722,236)","(2,716,270)","(2,714,749)","(2,715,009)","(2,717,886)","(2,714,946)","(2,692,620)","(2,693,771)","(2,697,149)","(2,694,745)","(2,695,328)","(2,695,066)","(8,153,255)",,"(2,025,083)","(2,324,743)","(2,603,310)","(2,398,605)","(2,299,722)","(2,252,086)","(2,565,432)","(2,845,790)","(2,743,427)","(2,292,486)","(2,472,137)","(2,713,882)","(29,536,704)",,
,,,Cost of Revenue % Revenue, ,27.0%,30.2%,28.9%,,,,,,,,,,28.6%,,33.0%,32.2%,31.5%,29.8%,29.9%,29.2%,26.8%,27.1%,27.0%,26.0%,25.7%,25.5%,32.2%,,19.6%,24.6%,25.8%,25.8%,26.5%,28.8%,33.6%,33.7%,31.1%,26.1%,28.5%,31.5%,27.7%,,
,,,Total Direct Cost, ,"(7,742,846)","(7,350,448)","(7,311,559)",0,0,0,0,0,0,0,0,0,"(22,404,852)",,"(8,222,541)","(8,216,575)","(8,367,054)","(8,286,568)","(8,289,445)","(8,320,005)","(8,314,398)","(8,304,254)","(8,322,632)","(8,422,527)","(8,437,911)","(8,437,649)","(24,806,170)",,"(7,989,756)","(7,716,877)","(8,526,316)","(8,319,728)","(8,069,463)","(7,714,588)","(8,224,378)","(8,949,776)","(8,077,813)","(7,548,334)","(7,475,694)","(7,119,231)","(95,731,955)",,
,,,Total Direct Cost % Revenue, ,91.1%,95.5%,96.4%,,,,,,,,,,94.2%,,99.7%,97.4%,97.0%,91.1%,91.2%,89.6%,82.9%,83.6%,83.3%,81.1%,80.5%,79.8%,98.0%,,77.5%,81.7%,84.5%,89.5%,92.9%,98.8%,107.7%,106.0%,91.7%,86.0%,86.1%,82.5%,89.8%,,
,,,Cost of Revenue - WH, ,"(3,416,307)","(3,151,800)","(3,266,008)",0,0,0,0,0,0,0,0,0,"(9,834,114)",,"(3,406,096)","(3,406,096)","(3,421,096)","(3,420,346)","(3,420,346)","(3,435,346)","(3,403,446)","(3,403,446)","(3,418,446)","(3,431,946)","(3,431,946)","(3,431,946)","(10,233,288)",,"(3,645,964)","(3,289,899)","(3,508,780)","(3,607,698)","(3,471,604)","(3,300,178)","(3,273,831)","(3,684,961)","(3,057,717)","(3,004,532)","(2,883,124)","(2,696,826)","(39,425,114)",,
,,,Personnel Cost - WH, ,"(1,741,146)","(1,601,884)","(1,557,959)",0,0,0,0,0,0,0,0,0,"(4,900,989)",,"(1,706,268)","(1,706,268)","(1,806,268)","(1,692,973)","(1,692,973)","(1,692,973)","(1,571,391)","(1,560,096)","(1,560,096)","(1,560,096)","(1,560,096)","(1,560,096)","(5,218,805)",,"(1,757,239)","(1,770,928)","(1,859,769)","(1,833,146)","(1,812,034)","(1,770,803)","(1,819,307)","(1,822,710)","(1,684,971)","(1,704,601)","(1,710,746)","(1,457,283)","(21,003,536)",,
,,,Operating Cost - WH, ,"(2,224,217)","(2,294,917)","(2,147,441)",0,0,0,0,0,0,0,0,0,"(6,666,575)",,"(2,661,262)","(2,655,296)","(2,653,775)","(2,654,035)","(2,656,912)","(2,653,972)","(2,628,834)","(2,629,985)","(2,633,363)","(2,630,958)","(2,631,542)","(2,631,279)","(7,970,333)",,"(1,839,238)","(2,062,599)","(2,304,083)","(2,201,105)","(2,110,223)","(2,075,496)","(2,401,685)","(2,641,365)","(2,661,232)","(2,215,482)","(2,396,497)","(2,646,164)","(27,555,170)",,
,,,Direct Cost - WH, ,"(7,381,670)","(7,048,600)","(6,971,408)",0,0,0,0,0,0,0,0,0,"(21,401,678)",,"(7,773,626)","(7,767,661)","(7,881,140)","(7,767,354)","(7,770,231)","(7,782,291)","(7,603,671)","(7,593,527)","(7,611,905)","(7,623,000)","(7,623,584)","(7,623,322)","(23,422,427)",,"(7,242,441)","(7,123,426)","(7,672,632)","(7,641,949)","(7,393,861)","(7,146,478)","(7,494,823)","(8,149,035)","(7,403,920)","(6,924,616)","(6,990,367)","(6,800,274)","(87,983,821)",,
,,,Direct Cost - WH % Revenue, ,91.0%,94.8%,95.9%,,,,,,,,,,93.8%,,99.6%,97.2%,96.9%,90.8%,90.8%,89.2%,82.3%,83.1%,82.8%,80.5%,79.9%,79.1%,97.9%,,77.3%,82.0%,84.4%,90.2%,90.0%,97.4%,104.2%,100.6%,87.8%,83.5%,82.9%,82.5%,88.1%,,
,,,Direct Cost - TPT, ,"(361,176)","(301,847)","(340,151)",0,0,0,0,0,0,0,0,0,"(1,003,174)",,"(448,915)","(448,915)","(485,915)","(519,215)","(519,215)","(537,715)","(710,727)","(710,727)","(710,727)","(799,527)","(814,327)","(814,327)","(1,383,744)",,"(747,314)","(593,451)","(853,685)","(677,779)","(675,602)","(568,111)","(729,555)","(800,741)","(673,893)","(623,719)","(485,327)","(318,957)","(7,748,134)",,
,,,Direct Cost - TPT % Revenue, ,94.8%,114.7%,109.6%,,,,,,,,,,105.1%,,101.1%,101.1%,98.4%,96.3%,96.3%,95.3%,89.5%,89.5%,89.5%,87.5%,87.2%,87.2%,100.1%,,79.0%,78.0%,85.7%,82.2%,143.1%,121.3%,162.8%,235.1%,179.6%,128.6%,195.2%,82.8%,114.8%,,
,,,Total Direct Cost, ,"(7,742,846)","(7,350,448)","(7,311,559)",0,0,0,0,0,0,0,0,0,"(22,404,852)",,"(8,222,541)","(8,216,575)","(8,367,054)","(8,286,568)","(8,289,445)","(8,320,005)","(8,314,398)","(8,304,254)","(8,322,632)","(8,422,527)","(8,437,911)","(8,437,649)","(24,806,170)",,"(7,989,756)","(7,716,877)","(8,526,316)","(8,319,728)","(8,069,463)","(7,714,588)","(8,224,378)","(8,949,776)","(8,077,813)","(7,548,334)","(7,475,694)","(7,119,231)","(95,731,955)",,
,,,Total Direct Cost % Revenue, ,91.1%,95.5%,96.4%,,,,,,,,,,94.2%,,99.7%,97.4%,97.0%,91.1%,91.2%,89.6%,82.9%,83.6%,83.3%,81.1%,80.5%,79.8%,98.0%,,77.5%,81.7%,84.5%,89.5%,92.9%,98.8%,107.7%,106.0%,91.7%,86.0%,86.1%,82.5%,89.8%,,
,,,Gross Profit - WH, ,"734,179","383,798","300,967",0,0,0,0,0,0,0,0,0,"1,418,944",,"30,698","223,363","255,135","790,477","784,100","937,540","1,636,160","1,540,304","1,581,516","1,843,824","1,921,241","2,011,503","509,196",,"2,121,828","1,565,729","1,421,751","829,090","817,138","192,564","(304,571)","(46,005)","1,028,254","1,365,810","1,444,503","1,442,601","11,878,690",,
,,,Gross Profit - TPT, ,"19,771","(38,678)","(29,768)",0,0,0,0,0,0,0,0,0,"(48,675)",,"(4,915)","(4,915)","8,085","19,785","19,785","26,285","83,273","83,273","83,273","114,473","119,673","119,673","(1,744)",,"198,285","167,258","142,835","147,081","(203,569)","(99,885)","(281,526)","(460,163)","(298,635)","(138,602)","(236,718)","66,335","(997,302)",,
,,,Gross Profit, ,"753,950","345,120","271,199",0,0,0,0,0,0,0,0,0,"1,370,269",,"25,784","218,449","263,220","810,263","803,886","963,826","1,719,433","1,623,577","1,664,789","1,958,297","2,040,913","2,131,176","507,453",,"2,320,113","1,732,986","1,564,587","976,172","613,569","92,678","(586,097)","(506,168)","729,619","1,227,208","1,207,785","1,508,936","10,881,388",,
,,,GP % - WH, ,9.0%,5.2%,4.1%,,,,,,,,,,6.2%,,0.4%,2.8%,3.1%,9.2%,9.2%,10.8%,17.7%,16.9%,17.2%,19.5%,20.1%,20.9%,2.1%,,22.7%,18.0%,15.6%,9.8%,10.0%,2.6%,-4.2%,-0.6%,12.2%,16.5%,17.1%,17.5%,11.9%,,
,,,GP % - TPT, ,5.2%,-14.7%,-9.6%,,,,,,,,,,-5.1%,,-1.1%,-1.1%,1.6%,3.7%,3.7%,4.7%,10.5%,10.5%,10.5%,12.5%,12.8%,12.8%,-0.1%,,21.0%,22.0%,14.3%,17.8%,-43.1%,-21.3%,-62.8%,-135.1%,-79.6%,-28.6%,-95.2%,17.2%,-14.8%,,
,,,GP %, ,8.9%,4.5%,3.6%,,,,,,,,,,5.8%,,0.3%,2.6%,3.0%,8.9%,8.8%,10.4%,17.1%,16.4%,16.7%,18.9%,19.5%,20.2%,2.0%,,22.5%,18.3%,15.5%,10.5%,7.1%,1.2%,-7.7%,-6.0%,8.3%,14.0%,13.9%,17.5%,10.2%,,
,,,Commercial, ,"(315,197)","(248,860)","(274,324)",,,,,,,,,,"(838,380)",,"(257,372)","(257,372)","(257,372)","(257,372)","(257,372)","(257,372)","(257,372)","(257,372)","(257,372)","(257,372)","(257,372)","(257,372)","(772,117)",,"(449,431)","(470,352)","(458,160)","(550,797)","(470,018)","(415,343)","(330,702)","(427,411)","(321,824)","(359,397)","(298,482)","(174,991)","(4,726,906)",,
,,,ZATCA Project cost, ,,,,,,,,,,,,,0,,"(28,583)","(28,583)","(28,583)","(28,583)","(28,583)","(28,583)","(28,583)","(28,583)","(28,583)","(28,583)","(28,583)","(28,583)","(85,749)",,,,,,,,,"(78,602)","(78,602)","(78,602)","(78,602)","(78,602)","(393,010)",,
,,,Selling Expenses, ,"(315,197)","(248,860)","(274,324)",0,0,0,0,0,0,0,0,0,"(838,380)",,"(285,955)","(285,955)","(285,955)","(285,955)","(285,955)","(285,955)","(285,955)","(285,955)","(285,955)","(285,955)","(285,955)","(285,955)","(857,866)",,"(449,431)","(470,352)","(458,160)","(550,797)","(470,018)","(415,343)","(330,702)","(506,013)","(400,426)","(437,999)","(377,084)","(253,593)","(5,119,916)",,
,,,MD Office, ,"(165,914)","(198,862)","(200,895)",,,,,,,,,,"(565,672)",,"(126,909)","(126,909)","(126,909)","(126,909)","(126,909)","(126,909)","(126,909)","(126,909)","(126,909)","(126,909)","(126,909)","(126,909)","(380,728)",,"(180,676)","(182,982)","(169,736)","(139,137)","(136,258)","(131,956)","(139,094)","(198,505)","(167,195)","(231,398)","(226,064)","(132,985)","(2,035,987)",,
,,,HR, ,"(137,970)","(172,629)","(154,194)",,,,,,,,,,"(464,794)",,"(137,801)","(137,801)","(137,801)","(137,801)","(148,801)","(137,801)","(141,801)","(137,801)","(137,801)","(139,801)","(137,801)","(143,801)","(413,402)",,"(221,324)","(192,564)","(233,362)","(204,950)","(185,717)","(200,876)","(190,597)","(204,252)","(219,466)","(215,611)","(203,911)","(238,301)","(2,510,931)",,
,,,FIN, ,"(226,113)","(235,076)","(205,582)",,,,,,,,,,"(666,771)",,"(196,945)","(196,945)","(196,945)","(196,945)","(196,945)","(196,945)","(196,945)","(196,945)","(196,945)","(196,945)","(196,945)","(196,945)","(590,835)",,"(319,937)","(321,159)","(307,202)","(356,040)","(261,420)","(237,133)","(259,469)","(292,256)","(332,323)","(337,840)","(331,694)","(289,761)","(3,646,234)",,
,,,ICT, ,"(84,083)","(85,050)","(82,395)",,,,,,,,,,"(251,528)",,"(88,551)","(88,551)","(88,551)","(88,551)","(88,551)","(88,551)","(88,551)","(88,551)","(88,551)","(88,551)","(88,551)","(88,551)","(265,653)",,"(98,858)","(85,685)","(95,462)","(100,580)","(103,697)","(80,925)","(83,493)","(202,573)","(145,255)","(143,613)","(133,956)","(122,987)","(1,397,084)",,
,,,G&A Other, ,"(150,286)","(179,892)","(156,104)",,,,,,,,,,"(486,283)",,"(146,962)","(146,962)","(146,962)","(146,962)","(146,962)","(146,962)","(146,962)","(146,962)","(146,962)","(146,962)","(146,962)","(146,962)","(440,886)",,"(140,439)","(132,372)","(151,676)","(127,015)","(138,980)","(190,101)","(269,187)","(220,389)","(248,034)","(215,187)","(191,657)","(279,297)","(2,304,333)",,
,,,General & Admin expenses, ,"(764,367)","(871,510)","(799,170)",,,,,,,,,,"(2,435,047)",,"(697,168)","(697,168)","(697,168)","(697,168)","(708,168)","(697,168)","(701,168)","(697,168)","(697,168)","(699,168)","(697,168)","(703,168)","(2,091,504)",,"(961,235)","(914,761)","(957,438)","(927,722)","(826,072)","(840,991)","(941,840)","(1,117,975)","(1,112,274)","(1,143,649)","(1,087,282)","(1,063,332)","(11,894,569)",,
,,,Total SG&A, ,"(1,079,564)","(1,120,369)","(1,073,494)",0,0,0,0,0,0,0,0,0,"(3,273,427)",,"(983,123)","(983,123)","(983,123)","(983,123)","(994,123)","(983,123)","(987,123)","(983,123)","(983,123)","(985,123)","(983,123)","(989,123)","(2,949,370)",,"(1,410,665)","(1,385,113)","(1,415,598)","(1,478,519)","(1,296,090)","(1,256,334)","(1,272,541)","(1,623,987)","(1,512,700)","(1,581,648)","(1,464,366)","(1,316,925)","(17,014,486)",,
,,,Operating Income - EBIT, ,"(325,614)","(775,249)","(802,295)",0,0,0,0,0,0,0,0,0,"(1,903,158)",,"(957,340)","(764,674)","(719,903)","(172,861)","(190,238)","(19,298)","732,310","640,454","681,666","973,174","1,057,790","1,142,052","(2,441,917)",,"909,448","347,873","148,988","(502,347)","(682,521)","(1,163,656)","(1,858,638)","(2,130,156)","(783,080)","(354,440)","(256,581)","192,011","(6,133,097)",,
,,,Operating Income - EBIT %, ,-3.8%,-10.1%,-10.6%,,,,,,,,,,-8.0%,,-11.6%,-9.1%,-8.3%,-1.9%,-2.1%,-0.2%,7.3%,6.5%,6.8%,9.4%,10.1%,10.8%,-9.6%,,8.8%,3.7%,1.5%,-5.4%,-7.9%,-14.9%,-24.3%,-25.2%,-8.9%,-4.0%,-3.0%,2.2%,-5.8%,,
,,, Add back Depreciation , ,"892,249","935,172","928,934",,,,,,,,,,"2,756,354",,"1,005,126","1,005,126","1,005,126","1,060,558","1,060,558","1,060,558","1,060,558","1,060,558","1,060,558","1,060,558","1,060,558","1,060,558","3,015,377",,"962,239","962,383","962,873","956,442","956,685","949,205","1,022,020","985,862","956,482","954,611","943,554","939,156","11,551,511",,
,,,EBITDA, ,"566,635","159,922","126,639",0,0,0,0,0,0,0,0,0,"853,196",,"47,786","240,451","285,222","887,698","870,321","1,041,261","1,792,868","1,701,012","1,742,224","2,033,732","2,118,349","2,202,611","573,460",,"1,871,687","1,310,256","1,111,861","454,095","274,164","(214,450)","(836,618)","(1,144,294)","173,402","600,171","686,973","1,131,167","5,418,414",,
,,,EBITDA %, ,6.7%,2.1%,1.7%,,,,,,,,,,3.6%,,0.6%,2.9%,3.3%,9.8%,9.6%,11.2%,17.9%,17.1%,17.4%,19.6%,20.2%,20.8%,2.3%,,18.2%,13.9%,11.0%,4.9%,3.2%,-2.7%,-11.0%,-13.6%,2.0%,6.8%,7.9%,13.1%,5.1%,,
560110,,,Bank charges, ,"(2,607)",(58),"(6,482)",,,,,,,,,,"(9,147)",,"(10,000)","(11,937)","(11,937)","(11,937)","(11,937)","(11,937)","(11,937)","(11,937)","(11,937)","(11,937)","(11,937)","(11,937)","(33,874)",,"(26,438)","(36,940)","(30,558)","(3,768)","(6,107)","(8,811)","(3,485)","(3,272)",(63),"(114,292)","(115,282)","(114,777)","(463,795)",,
560120,,,Guarantee margin commission, ,,,,,,,,,,,,,0,,(500),(500),(500),(500),(500),(500),(500),(500),(500),(500),(500),(500),"(1,500)",,"(1,517)",,,,,,,"(5,836)",,"(24,641)","(1,900)",,"(33,894)",,
560130,,,Exchange Losses, ,"(4,818)",,,,,,,,,,,,"(4,818)",,,,,,,,,,,,,,0,,,,,,,,,,,,,"(6,317)","(6,317)",,
,,,BSF Management Fee,,"(20,000)","(20,000)","(20,000)",,,,,,,,,,"(60,000)",,"(20,000)","(20,000)","(20,000)","(20,000)","(20,000)","(20,000)","(20,000)","(20,000)","(20,000)","(20,000)","(20,000)","(20,000)","(60,000)",,"(47,500)","(47,500)","(47,500)","(47,500)","(47,500)","(47,500)","(47,500)","(47,500)","(47,500)","(47,500)","(47,500)","(47,500)","(570,000)",,
560140,51008130,,Finance Charges (Interest), ,"(145,000)","(145,000)","(145,000)",,,,,,,,,,"(435,000)",,"(141,016)","(141,016)","(141,016)","(141,016)","(141,016)","(141,016)","(141,016)","(141,016)","(141,016)","(141,016)","(141,016)","(141,016)","(423,047)",,"(242,316)","(242,316)","(268,754)","(268,754)","(268,754)","(268,754)","(268,754)","(268,754)","(268,754)","(327,992)","(327,992)","(327,992)","(3,349,886)",,
,,,Finance charges, ,"(172,425)","(165,058)","(171,482)",,,,,,,,,,"(508,965)",,"(171,516)","(173,453)","(173,453)","(173,453)","(173,453)","(173,453)","(173,453)","(173,453)","(173,453)","(173,453)","(173,453)","(173,453)","(518,421)",,"(317,771)","(326,756)","(346,812)","(320,022)","(322,361)","(325,065)","(319,739)","(325,362)","(316,317)","(514,425)","(492,674)","(496,587)","(4,423,892)",,
,,,Zakat, ,"(67,150)","(67,150)","(67,150)",,,,,,,,,,"(201,450)",,"(91,667)","(91,667)","(91,667)","(91,667)","(91,667)","(91,667)","(91,667)","(91,667)","(91,667)","(91,667)","(91,667)","(91,667)","(275,000)",,"(111,917)","(111,917)","(111,917)","(67,150)","(67,150)","(67,150)","(67,150)","(67,150)","(103,035)","(77,590)","(78,713)","(67,150)","(997,989)",,
,,,NOPAT before Associated Co, ,"(565,189)","(1,007,457)","(1,040,927)",0,0,0,0,0,0,0,0,0,"(2,613,573)",,"(1,220,522)","(1,029,794)","(985,023)","(437,980)","(455,357)","(284,417)","467,191","375,334","416,546","708,054","792,671","876,933","(3,235,339)",,"479,760","(90,800)","(309,741)","(889,519)","(1,072,032)","(1,555,871)","(2,245,527)","(2,522,668)","(1,202,432)","(946,455)","(827,969)","(371,725)","(11,554,978)",0,
,,,NOPAT before Associated Co %, ,-6.7%,-13.1%,-13.7%,,,,,,,,,,-11.0%,,-14.8%,-12.2%,-11.4%,-4.8%,-5.0%,-3.1%,4.7%,3.8%,4.2%,6.8%,7.6%,8.3%,-12.8%,,4.7%,-1.0%,-3.1%,-9.6%,-12.3%,-19.9%,-29.4%,-29.9%,-13.7%,-10.8%,-9.5%,-4.3%,-10.8%,,
,,,NP from Discontinued Operations, ,,,,,,,,,,,,,0,,,,,,,,,,,,,,0,,,,,,,,,,,,,,0,,
,,,Profit on Sale of RS contracts,,,,,,,,,,,,,,0,,,,,,,,,,,,,,,,,,,,,,,,,,,,0,,
,,,Other Income,,,,,,,,,,,,,,0,,,,,,,,,,,,,,,,,,,,,,,,,,,,0,,
,,,Share of Profit from Associated Co., ,"125,000","125,000","125,000",,,,,,,,,,"374,999",,"123,510","123,510","123,510","123,510","123,510","123,510","123,510","123,510","123,510","123,510","123,510","123,510","370,529",,"219,750","219,750","219,750","219,750","219,750","219,750","219,750","219,750","(229,778)","(150,000)","(150,000)","(150,000)","1,078,222",,
,,,IFRS GAP analysis adjustment,,"25,000","25,000","25,000",,,,,,,,,,"75,000",,"25,000","25,000","25,000","25,000","25,000","25,000","25,000","25,000","25,000","25,000","25,000","25,000","75,000",,"(75,000)","(75,000)","(75,000)","(75,000)","(75,000)","(75,000)","(75,000)","(75,000)",0,,,,"(600,000)",,
,,,Net Share of Profit from Associated Co.,,"150,000","150,000","150,000",0,0,0,0,0,0,0,0,0,"449,999",,"148,510","148,510","148,510","148,510","148,510","148,510","148,510","148,510","148,510","148,510","148,510","148,510","445,529",,"144,750","144,750","144,750","144,750","144,750","144,750","144,750","144,750","(229,778)","(150,000)","(150,000)","(150,000)","478,222",,
,,,Consolidated Net Profit, ,"(415,189)","(857,458)","(890,927)",0,0,0,0,0,0,0,0,0,"(2,163,574)",,"(1,072,012)","(881,284)","(836,513)","(289,470)","(306,847)","(135,907)","615,700","523,844","565,056","856,564","941,180","1,025,443","(2,789,810)",,"624,510","53,950","(164,991)","(744,769)","(927,282)","(1,411,121)","(2,100,777)","(2,377,918)","(1,432,211)","(1,096,455)","(977,969)","(521,725)","(11,076,757)",,
,,,Consolidated Net Profit %, ,-4.9%,-11.1%,-11.7%,,,,,,,,,,-9.1%,,-13.0%,-10.4%,-9.7%,-3.2%,-3.4%,-1.5%,6.1%,5.3%,5.7%,8.3%,9.0%,9.7%,-11.0%,,6.1%,0.6%,-1.6%,-8.0%,-10.7%,-18.1%,-27.5%,-28.2%,-16.3%,-12.5%,-11.3%,-6.0%,-10.4%,,
